ground_truth,prediction,density
0.6797678306797887,0.25486588,0.0921000598172108
0.2959896184638846,0.2513914,3.669270994077532
0.7280245195272781,0.8330834,2.2555260913566886
0.9852334703809364,0.9090267,3.5239657314553052
0.578749477524034,0.44795972,1.2550946160505483
0.0535678275612251,0.14623724,4.61226117993765
0.9975117907674718,0.8095146,0.5876086115964988
0.4962512885816506,0.49745035,3.2082852682180767
0.436539952020668,0.5438151,2.456098235237897
0.16458143325636,0.16056688,5.078626872408989
0.2538916097246254,0.14660254,2.6604621358420357
0.7637544661997998,0.9243215,1.1138303881437814
0.8187332104551069,0.82531613,5.075046054163856
0.1444018026899514,0.7547461,0.044671300225395276
0.6180187987467503,0.72819126,1.9083404791636864
0.6342165305071024,0.63406175,3.2948919116889788
0.976051824622886,0.9001899,3.6993726169644834
0.1477195558091315,0.12626442,4.565050715033414
0.5532278212358256,0.5733473,3.4408453047254635
0.4440303979734683,0.5549019,2.406657673218623
0.8106852395814209,0.8854934,2.940393984627293
0.7138261952910586,0.5663717,1.2059789727122145
0.7739573551626995,0.74580693,4.015744000993339
0.6708616707006192,0.41265506,0.46291611771371743
0.7152442948368892,0.7413008,3.6266045489294583
0.769315190018315,0.79904723,4.3805516668980795
0.4103524290279257,0.3267999,1.7767575249241048
0.3142648148148148,0.4251741,1.80366417137558
0.7541275648825696,0.87333715,1.9124209298867012
0.6500384360040532,0.58901274,2.860953343466674
0.8620098039215685,0.89848197,4.004074096897087
0.2329550967341315,0.21918261,4.562568641874619
0.207443432855804,0.13501269,3.869931073011299
0.3787433105739066,0.36824,2.7449913043400325
0.2231688915267536,0.21292982,4.684623504032027
0.174681737281851,0.17735946,5.126021585406823
0.6553207057842819,0.40441382,0.5150611447995428
0.0652639087018544,0.1313615,5.1072939447590135
0.3446340428112303,0.25162768,2.572566537118514
0.1028423057437186,0.1185129,4.727572599765021
0.9361789020345528,0.5843413,0.048170667934014845
0.6324284923417605,0.60650027,3.2875690530305546
0.1799772015086409,0.12517272,4.1281414519512944
0.084793227326706,0.16304848,5.05673461506631
0.5083227004560557,0.60028476,2.7665897788414244
0.5544841264828126,0.6095734,3.263912049986646
0.7614825581395348,0.66359067,2.1329385378999848
0.4702732450469967,0.464155,2.97305956081668
0.616641504191173,0.4209003,0.9192372661104585
0.0645707604835736,0.21549858,1.73064388958197
0.8103952037545787,0.84477,4.594013948429269
0.3497804027204965,0.37495652,2.963564634537136
0.482246256389066,0.49880698,3.3984706635082875
0.3411485052452853,0.24343078,2.530277770402362
0.6815094163931373,0.6019435,2.5259848228943333
0.1310356138706654,0.19003627,5.157038705314657
0.3335882369746779,0.38208857,2.8032686281599584
0.2977392975426258,0.5090492,0.9375856197742295
0.4858817568748034,0.6161529,1.9897816622718931
0.0501934663274869,0.11281717,4.80839765883434
0.6964783300160942,0.62153053,2.6798114421009154
0.5785507246376811,0.57455397,3.3028443291203176
0.8417630737857605,0.81074166,4.906910769192011
0.9751307703301414,0.8990104,3.710346376926502
0.2572469736793396,0.17388552,3.7171393528923975
0.797067019148328,0.8355909,4.453749872976283
0.1847674952449662,0.17256612,5.021053350913982
0.0992439792288506,0.15961027,5.35662172841107
0.5361007565971581,0.77848685,0.5726168333519345
0.6979429228461324,0.6383685,3.0270295966484855
0.0915800912682704,0.12550268,5.030190294511146
0.9424972383056528,0.66730696,0.10004216099663864
0.3351023914499034,0.5244405,1.2848171489996478
0.8502161740407564,0.9063944,3.2361010983788216
0.1240668254077018,0.16129458,5.390580031927319
0.8530049085417016,0.87745756,4.668150768619619
0.9826914509182714,0.91065013,3.6336878389003875
0.7983286753615473,0.8283196,4.662220102472247
0.9343747227397746,0.9091074,4.594293958681519
0.1499981460424185,0.17584947,5.297507483083154
0.1013120987856237,0.1745526,5.106697638885613
0.8520139849649125,0.8889675,4.158970981807197
0.2913362227583105,0.49465597,1.0137515834293522
0.6267796296296296,0.568261,2.7918994978055105
0.2424103346139182,0.17539766,4.213765868518066
0.9292780429594272,0.90991354,4.59186862670588
0.1120482332643717,0.14213564,5.236715101664035
0.2806812516496084,0.17633045,2.843741996661065
0.7249189193571927,0.653231,2.8032928572878832
0.1616117501360403,0.25001153,3.394505173947659
0.2520501574335811,0.23399104,4.279889216276217
0.2553252272370809,0.19579415,4.265525211276048
0.0526290041899754,0.102116995,4.583898194777112
0.8494396948959784,0.86796725,4.899702193539733
0.1503907091793233,0.48185918,0.22138966271033803
0.5103806041878137,0.37684157,1.0402636330103827
0.6268268268268268,0.5512656,2.3673344913546845
0.270968878232066,0.24465765,4.011704845809245
0.1167253668763102,0.13519908,5.049324339730577
0.9465327997713306,0.80276185,1.5043898333412218
0.638254740281947,0.6059073,3.2587300924194422
0.028810156601382,0.147418,3.501899153360683
0.3214656516982098,0.36905074,2.803977242513054
0.4162533015525348,0.5100844,2.6083760643990117
0.9799422537696816,0.9237476,3.794074129878666
0.8159768472202373,0.87492245,3.5988340324163453
0.7182358775190438,0.6780455,3.3759288161028116
0.6161581769661276,0.5711644,3.003731249198058
0.2660824850064605,0.52348155,0.3822921675760275
0.9229083893097042,0.9239301,4.117747265577092
0.259780573025856,0.13794805,1.977864027013005
0.8856066885808204,0.91101766,4.026059604835299
0.2962815089360215,0.42151532,1.5628094464760347
0.4721129629629629,0.6479459,1.2692176211459794
0.8938385457069365,0.82392776,4.249841135465501
0.4976326915685384,0.71111476,0.823731150845402
0.4129232328173591,0.36504838,2.1123817752946867
0.5075981481481481,0.60339683,2.6797217614711224
0.8430287314117864,0.84452695,5.224105860122596
0.8417476266524708,0.8588953,4.9859087293967645
0.8038955293947712,0.7690035,4.270951725101208
0.1046350332854336,0.10585575,4.306896129050965
0.2421797440405609,0.14323993,3.004322308945501
0.3507219932385495,0.50979054,1.581873573444418
0.4883122739529362,0.5333299,3.5657153266479273
0.9440100700913852,0.89347255,4.553104434477106
0.5473168481269606,0.76267266,0.7763920396923368
0.6912048207991711,0.69041014,3.4475011811826004
0.7792896920725049,0.8214188,4.269217635193082
0.8957903004477827,0.8638575,5.1615716510290195
0.7133946551434803,0.703776,3.5972276630357727
0.1479016944063948,0.12862031,4.624294929034183
0.4979314814814814,0.47978738,2.8368743629558044
0.6611703353344248,0.63972604,3.3578054429495836
0.6074244794498774,0.46563783,1.2897267739893739
0.8801197907104829,0.9104548,3.9175471423037282
0.0435439017155287,0.15378599,3.920751908477803
0.0344684696746552,0.11563088,4.572300754844261
0.414203814983763,0.7917808,0.1914605013395283
0.6580937442332534,0.51781625,1.3681531551343475
0.9052143646198384,0.84459126,4.617796065968061
0.3696367715723728,0.33175996,2.5416556841098394
0.7346475468015261,0.8928264,1.283893153989908
0.3728021344976047,0.42478952,2.926140483676261
0.9506465026483838,0.86289406,3.6728564685540284
0.4025322709592806,0.5212967,2.1695546988907837
0.965767260033479,0.9097036,4.121218107550403
0.0319202909176222,0.13340849,4.1776124701452275
0.9989009609084952,0.8610573,1.6142915607992656
0.748626295139418,0.59698045,1.0462390742166674
0.7496436204631464,0.7018255,3.3919631133162444
0.0442072194931882,0.1500307,4.1090472433085115
0.3346662603445485,0.39226836,2.6917903859503944
0.2434581978656222,0.16423365,3.860589800132746
0.8348640532867438,0.740049,2.6158533641043147
0.080803764096598,0.09039533,3.9523360919361306
0.4406142223682049,0.6009922,1.5895033767154332
0.811056589344889,0.8943122,2.5867115222170853
0.4494024948460812,0.5299853,3.0020064378871734
0.0991692154691985,0.11284577,4.583472371063032
0.6472625387857175,0.46101984,1.0289017111489163
0.1365250938062712,0.31160408,0.6383932308564778
0.2042975327368113,0.29097912,2.6850452015918185
0.7900192522460954,0.69947517,2.4482421184733347
0.3466965972375555,0.39810765,2.806647633666871
0.959765690552106,0.87290716,3.6369575442495132
0.5461260532865065,0.74496627,0.8985157237397431
0.1531675735099706,0.12113805,4.3708710111742795
0.2745469773812609,0.1647759,2.602873554918353
0.0183612294297562,0.10120216,4.208651418154074
0.2573104241509885,0.23257126,4.242833896487898
0.5782200805456619,0.79867727,0.6891355489577
0.9099279575328616,0.90706635,4.588934219511994
0.9241517793340004,0.9113916,4.548434185899778
0.7487788976254436,0.6579952,2.323198713191481
0.5107796296296295,0.5770477,3.3047955620146587
0.1432736330298526,0.14756785,5.066996460502052
0.1449955469587119,0.19535035,5.149169308800087
0.20441893158388,0.10095171,2.32610474767955
0.306649687708447,0.25373223,3.50074821036349
0.0280931992140531,0.1341605,3.992997861764157
0.2528074445637285,0.13193543,1.9809736020248059
0.0477459516259171,0.10326894,4.6129882922207575
0.3699552744680108,0.41230997,2.976536053000321
0.6939999073773909,0.6523957,3.2959251706709125
0.4987124667879283,0.7357257,0.6575345148303428
0.3193633511718028,0.33698404,3.053551388145297
0.9552710316203558,0.9361298,3.886316125048903
0.3305794427016054,0.3858027,2.7144031743962582
0.3443138681705172,0.24765323,2.5090350395586434
0.3952749173538017,0.39859423,2.9001241421635062
0.9118860452452848,0.8899495,4.975807313024819
0.9411154733386567,0.9118883,4.507164481675248
0.181176867356814,0.1425916,4.611593878290372
0.2402350941080608,0.34753373,1.7256464472194495
0.0984863731656184,0.15914783,5.353939216063068
0.7769677295684496,0.742939,3.927915640847537
0.1709297925601071,0.19235572,5.1442314709079975
0.920944249377373,0.85691255,4.524053036187109
0.0680970902158333,0.13787936,5.133631199520917
0.0710542589174451,0.17407954,4.182354014469668
0.1109167109620967,0.13100378,5.001219888913264
0.9835828675361548,0.92115915,3.69568077359663
0.7894283686394408,0.8793059,2.543844610130422
0.0626490725149942,0.14894901,4.831405711329916
0.3217125920437179,0.5012318,1.3354806399018317
0.7672697715147485,0.8156306,4.02761985731824
0.6230880377900245,0.48299018,1.3347094119747114
0.192658142467521,0.112228975,3.29455851866183
0.443994625486605,0.46835324,3.3333732029837386
0.238077720296012,0.14793432,3.3962912052921332
0.1149722535495291,0.16320787,5.412937679612377
0.5352693238604467,0.53399193,3.275502476270019
0.1140334301782793,0.14804696,5.318171991287247
0.2854853660948237,0.22502398,3.8694275002841008
0.7132969894688643,0.8224078,2.1363549125765133
0.5317648148148147,0.5737554,3.5096059592496536
0.1321076170510132,0.15102163,5.219831633572532
0.1973582205503536,0.14,4.283056309533909
0.7578043208233519,0.9234274,1.0568884341693288
0.7899415139019311,0.7794335,4.571076922825469
0.1332400140673009,0.1341133,4.8776776009741605
0.8005173011237067,0.81189144,4.882410907381127
0.3482913703146911,0.25598848,2.5303434433567196
0.8819142616702144,0.84482896,5.10618427913024
0.6084105612869383,0.46992567,1.3105248889450114
0.0778453913604504,0.09136442,4.014139473285789
0.3402122162760657,0.26518902,2.853532673093018
0.6902251337885218,0.711642,3.3722604678186436
0.8669558382163784,0.7852613,3.5028975683417283
0.3308108826993958,0.2907234,3.0378311818628267
0.1003996102277731,0.15012597,5.384117631668323
0.2202369838151929,0.15418601,4.206309575094569
0.4619538284144157,0.52847564,3.2942167997773297
0.8021871503397279,0.9068887,1.9559628891847125
0.6532773574460232,0.42508233,0.678016824602905
0.3610142047545448,0.39621451,2.967120385255108
0.5536600702460408,0.7274368,1.1079669460040626
0.0380662327602683,0.09297372,4.327571738366225
0.0445604472396925,0.14070159,4.452106032106007
0.1952901009935805,0.16002588,4.775494082715262
0.6708865194074899,0.75890505,2.419073494970174
0.7621898886219698,0.6739276,2.4215862365738237
0.0305871752410904,0.17091677,2.429576338653607
0.2675759452275921,0.15966043,2.680457089127832
0.2937316864921506,0.47659698,1.1887651110874382
0.4739004794728558,0.493798,3.4126599153979713
0.7051581063977462,0.6236702,2.526097544826483
0.9187038513173352,0.8700866,4.8590286897259265
0.4135756958273514,0.25608855,0.7632969950922043
0.4585871081195803,0.4619734,3.105657974141698
0.4739460848162554,0.45459887,2.7054417903990986
0.7867502883506343,0.7754659,4.509660367016899
0.633625571998628,0.5979522,3.2134901278717485
0.0716446710842927,0.10790252,4.668911225446792
0.0816434596331503,0.16307423,4.9767140981765925
0.3224765023346067,0.33739963,3.047941008495992
0.5979506621475243,0.6343026,3.1857089001756846
0.7069579353625116,0.5063784,0.7937235784449566
0.1405555138573546,0.13374934,4.809109161628802
0.4083633250637687,0.40660337,2.856312992323125
0.7896374561938138,0.79086894,4.7017899807843735
0.4119941482691795,0.23595516,0.5195617330491646
0.4191749121487139,0.6697593,0.5649740059207272
0.1737629885035932,0.17881514,5.137598173020027
0.5440380742485845,0.4568791,1.517740390877349
0.9893720610416112,0.9123394,3.4288051290809727
0.0044346610761705,0.052114204,2.9815750633691356
0.8134892989735749,0.7684172,4.120163443720613
0.1944853193093051,0.16675761,4.8761454865433445
0.6470228895267535,0.5420815,1.7906137401241595
0.9469046668441132,0.90546465,4.508138698075675
0.7443389228743353,0.67924535,2.998572381519299
0.648128194617566,0.5861481,2.8307185483776562
0.2315376212410069,0.14490147,3.5081010875853593
0.534120530455599,0.46175528,1.7489932953193843
0.998994194625975,0.8233443,0.7460587885447982
0.2725605837461508,0.10321653,0.5099723127481319
0.9012944903717636,0.8527541,4.917176431292255
0.998712594088489,0.9489038,3.2375103486042414
0.6601715426878089,0.44269028,0.7655567421269674
0.444196730421896,0.43461144,2.8101852687339175
0.1548369753300044,0.18896991,5.236965624165638
0.1106537789502535,0.18024598,5.124912248724061
0.150443564659551,0.09411964,3.4576489840916467
0.972265632659464,0.90751845,3.9275264444102604
0.4280390831087451,0.7749045,0.26642294400085537
0.0643250853306047,0.11529732,4.905865922156208
0.9664785858731764,0.92225724,4.075684327353799
0.424674167511094,0.438857,3.127316764325836
0.8495483778762326,0.76255774,3.0804907153806687
0.7301322654309669,0.86259353,1.7109328611707149
0.832436700948444,0.8306347,5.186656050494862
0.0614010650454474,0.13549,5.033422352331016
0.9371919282340392,0.87748235,4.527156541396748
0.0136725835708732,0.13581768,3.2500253245873356
0.3534138789952743,0.4059424,2.8214355145129484
0.9118131688141516,0.76389515,1.2654446283785288
0.0468859631189434,0.14391053,4.440618859063488
0.4722020336140325,0.5695945,2.7015223862641244
0.5412951476180249,0.6310043,2.67112767383767
0.0623398884166971,0.11846647,4.964739659027452
0.7036161576159595,0.727116,3.4952955620971404
0.2524849755415793,0.14185114,2.4847366421935297
0.7216070229904347,0.9380443,0.36695063504845754
0.791788720859363,0.7682,4.361631635346804
0.7124423298731257,0.88142145,1.155123903500477
0.5157206555292503,0.5475353,3.5630521618754725
0.9377208376634836,0.8983243,4.6768088778582815
0.518596855447732,0.5229332,3.3180132594254137
0.6478453817364556,0.4552879,0.978199695904151
0.9502629698442188,0.8538854,3.3606855543490375
0.6207502009154757,0.45810768,1.1907204848172288
0.463082218106852,0.5090533,3.5014419122538762
0.1286535316040659,0.12631159,4.722850524722519
0.2682570748252706,0.17762887,3.4324415185966854
0.9088695612263632,0.8914665,4.960792986137104
0.0142751301904892,0.13264014,3.407782295770401
0.1259935031281235,0.15394446,5.311242135071471
0.6038736280395367,0.6237888,3.2587270694030397
0.1005939941071673,0.3567798,0.17250149160383993
0.7102886951550663,0.7771159,3.1029243230468664
0.8378939901196258,0.836761,5.218170960972192
0.7101322425284187,0.4905679,0.6562597823366405
0.990351059183228,0.86443293,2.051104971145008
0.4151873292270642,0.288938,1.2541743484205823
0.9449204874862204,0.8281327,2.52525951435837
0.5607648148148148,0.6216717,3.137289787955502
0.2862330174360493,0.14171557,1.164548710937438
0.9855309143111728,0.90311193,3.408166522376053
0.4835083424595761,0.5206884,3.565429982856315
0.5432040099530195,0.72491366,1.0450006917894088
0.1871339373072126,0.21207269,4.893504355955741
0.0928409044445353,0.1589144,5.291894770587538
0.5281061687532372,0.62596923,2.5474137056456017
0.3605635140783523,0.2677974,2.34203004228321
0.2430598655738161,0.30057508,3.1116089443487547
0.1089566127133904,0.10894042,4.3732011494998
0.0838606239121702,0.25840658,0.8101228397571939
0.0880187102261063,0.08666181,3.759354168987334
0.8735881909324816,0.8817265,4.92953842172752
0.3396931815536467,0.4696035,1.759851041740829
0.0243349150335754,0.23479058,0.300771730461432
0.6534014679687203,0.5284512,1.511705926987136
0.0155555638541798,0.13841398,3.235200046681257
0.0697844932730377,0.15635984,4.838658318044474
0.8681992282406745,0.8284813,4.973717216678668
0.7671790875602152,0.81361496,4.073589153252785
0.183574117555741,0.19552687,5.054743261613468
0.3691105369994464,0.18295638,0.39925209763247876
0.185003959060383,0.109776765,3.396820689613856
0.7470492724363857,0.75237596,4.065485071008334
0.6083465584056099,0.5743569,3.132151138214944
0.5280513009780402,0.8301593,0.19342346627219795
0.8108586194658858,0.650953,0.8057090961849125
0.253439006999043,0.30445218,3.146410013096618
0.1590903128484292,0.28985158,1.5748133023426603
0.6191819726703448,0.674358,2.8956987890272945
0.9642722473604828,0.894248,3.9978254488422835
0.2011918425380293,0.15291929,4.557415794542019
0.3134401695965793,0.17039025,1.2463947127776334
0.0134091921337535,0.12315097,3.6982828173558144
0.6791866909803005,0.7452347,2.8708409709494225
0.9359592632992112,0.8630857,4.2228866718846705
0.7587809061026154,0.902807,1.4279289993471798
0.2807025864322471,0.45237473,1.1660060592400914
0.2179267639576918,0.18336122,4.755898039824298
0.4944503552836569,0.18948594,0.08387558763312816
0.8976943143366725,0.8632437,5.134387654990107
0.0886560709831131,0.1337013,5.222747638165972
0.0340798135503127,0.14211984,3.9720746953202246
0.2569418351708112,0.13473183,1.9436923653246536
0.2342459818308874,0.13596697,2.97317970534098
0.1822247201081477,0.22400904,4.686442699579175
0.97886094040303,0.9223672,3.820905392683117
0.7328282394688646,0.68100774,3.24154280223555
0.8977577898826756,0.83804446,4.619176086890316
0.0202370325810645,0.17410363,1.7916820936980287
0.4870824312684778,0.5120214,3.50429716169489
0.5010024882548979,0.5791619,3.0960212590544876
0.60374843699347,0.4278741,1.0633951619526736
0.0352132313856973,0.16309519,3.0635448369260825
0.6998579073629821,0.5103911,0.8947441981874971
0.798652137801531,0.6884935,1.8447084410350372
0.4205981481481481,0.47001654,3.2566603137480805
0.8504314169106556,0.83522046,5.242250171865548
0.2348570852409796,0.25082707,4.168728725938226
0.5906643292120317,0.56080455,3.1024207349788187
0.01603172521058,0.18341573,1.2461528503635069
0.4311628638317201,0.53587407,2.4856847158368995
0.9083233519652204,0.8333855,4.152066565888269
0.9647013540074252,0.87651324,3.550136678546617
0.1987045189804029,0.1962152,4.951481956987731
0.2634283717679944,0.18534626,3.8568011953767796
0.1654063597130987,0.13439049,4.600154504829342
0.6780158419343835,0.8395279,1.2725664940293715
0.9280745779752542,0.9142206,4.48273231222198
0.9635116185897435,0.82914686,1.8403413304877778
0.9268381677987884,0.8810102,4.8189341713397855
0.4576129629629629,0.51213336,3.427681191271498
0.986076108320594,0.7366417,0.18517618838873678
0.7358644103306413,0.65088844,2.4709106826658735
0.6516378842048082,0.46193972,0.9996062689851112
0.8571721675095376,0.8869862,4.3955407075768385
0.2280179354529258,0.17452359,4.508372761622504
0.7189371360222749,0.67939967,3.386873560569289
0.5003729054733691,0.45092946,2.0977295502033124
0.8567466288282798,0.8223201,4.994015650815485
0.7848920966128341,0.74621,3.9153256132345047
0.9418566656396452,0.9156668,4.434840336847616
0.3462635753617851,0.3350712,2.8903542278435004
0.1969769392033543,0.13305272,4.059479336643744
0.1240209643605869,0.13666351,5.016376186460598
0.8065281720899761,0.8583011,3.983315236706651
0.3655222859748451,0.3590547,2.8198887238293597
0.057623993130801,0.13887899,4.907041627423579
0.6828836873503819,0.36621562,0.15851699531250232
0.2539559009754943,0.33091182,2.4490074813780374
0.8649044006742969,0.89156944,4.401165786342415
0.5807164736846833,0.73516834,1.280562617267912
0.4879368887248569,0.6482314,1.4494313424074803
0.2793732954045573,0.21958783,3.966830430103411
0.439190693993245,0.6434788,0.9672241110101611
0.014587002096436,0.112640224,3.999515746433755
0.2355074408618072,0.14244947,3.2413943016464386
0.3183263413557076,0.44029287,1.7115240628728443
0.2581972899821845,0.18399243,3.983768791694155
0.8879056723284383,0.8992091,4.578246891921665
0.7839765358150586,0.85630447,3.2415602501693344
0.3410521928402723,0.55319804,0.9761839391192538
0.0954961251946784,0.137447,5.259564353265197
0.5408865441756109,0.5854555,3.4529085014532215
0.5610786159152065,0.5642603,3.343336763382893
0.7279638523761375,0.786625,3.4329354284066187
0.0239851385727674,0.14321847,3.449103254585745
0.0060710955873143,0.14261273,2.5637984044580637
0.9110939166539692,0.8182695,3.442178164407484
0.1288184495916454,0.2006956,4.802383173330061
0.0730971461860767,0.10700353,4.628046178506212
0.2892425825681787,0.23417406,3.817572678831824
0.5124314814814814,0.5610683,3.528993354113025
0.1301259353150427,0.0985248,3.869347546050481
0.8216150198080147,0.7131848,2.0076206183739944
0.3126602389181978,0.36107236,2.7995960476263027
0.7153959978594711,0.5493529,1.0205377862062885
0.9291594369760164,0.92033,4.3025508607562495
0.879377384437938,0.9001165,4.376713712131
0.5310702807592019,0.5818291,3.4458167933200317
0.5989135367943316,0.51940155,2.0626925571467294
0.7722773045869932,0.8677514,2.460581653168499
0.9875646705731028,0.7784188,0.4061940334573819
0.3578944454696438,0.3658227,2.9283978654386633
0.8792814564991471,0.80330074,3.878259975881733
0.1027045133000403,0.14365478,5.320760052753212
0.4913344986130638,0.24402592,0.19941791177603638
0.6553676111944488,0.37910387,0.3593863120306541
0.070095038434661,0.12799318,5.128115779141562
0.3990709952299356,0.34423605,2.127817312347518
0.1637417750259539,0.2053712,5.023195360456104
0.9041339537646652,0.82838583,4.099787791960174
0.1602684428973088,0.13969669,4.7729540949356615
0.2543864038658311,0.22754475,4.307709359043486
0.8677665248338202,0.8204884,4.769577905257088
0.099585620565002,0.1752286,5.050568673889
0.6580049724091929,0.5949327,2.8495611121029216
0.9909649740972116,0.8825407,2.632811261266523
0.6500151993008321,0.5536064,1.9804202923762513
0.2595448547532649,0.29548803,3.3943971326891913
0.3445246165135049,0.47099996,1.8158995396671087
0.2808763102725367,0.07874247,0.1741061092245862
0.4172744048717475,0.5755999,1.6601717679023102
0.7523545825079994,0.7092233,3.5011920579954574
0.3275414949833554,0.44590607,1.7964875596072964
0.0390353718579943,0.14387836,4.123367185655076
0.7730907810394805,0.77931416,4.479323401014185
0.8374108491357609,0.7853004,4.234358905631049
0.9494319482600732,0.88814056,4.357793668105442
0.6843301069791136,0.61637604,2.822372315837761
0.7295790565625683,0.5959739,1.3343805581907768
0.9492357693288104,0.87985444,4.2095509378823
0.9415591482185924,0.85723937,3.8328635023832014
0.2349839548522739,0.3095392,2.7004886781422606
0.3153189231527218,0.3644713,2.786510266154921
0.8629613610149943,0.8900836,4.415326127583939
0.2524012069519236,0.3105905,2.9771489203658623
0.2560537008947829,0.35093382,1.9707254597697503
0.9699628235726088,0.8786382,3.4006587736253198
0.6540492137091828,0.5998831,3.0177399172712995
0.6241677093299968,0.6004208,3.2799324298948127
0.9075382179515178,0.73714614,0.7909769125664184
0.9544340921608224,0.90202224,4.362467552511737
0.4603536980181868,0.42814678,2.3642782710265426
0.7284078355934785,0.70409006,3.6119135717549637
0.2836266067174044,0.3668426,2.177148470991222
0.1729689382782165,0.15515125,4.936679073981674
0.5269314814814815,0.59835154,3.145933057082972
0.3538021921388539,0.49405494,1.7423641281490976
0.783323692621424,0.72792435,3.461864229770232
0.8980405888237816,0.89067686,4.948560293050456
0.6088508214834311,0.670577,2.8411472049627062
0.4728182144467656,0.5113393,3.5410341986177674
0.2179581506098396,0.18636379,4.772408224737857
0.1150722858829371,0.12696765,4.857119573154289
0.8776420120825642,0.8485105,5.210807516649489
0.6292587232405029,0.6013559,3.2674655495115794
0.8149849017375378,0.85451597,4.419688194396173
0.470928385179795,0.36039823,1.176515512120778
0.1693447141549388,0.11582797,3.983465383457181
0.8269203298796282,0.85663253,4.703022024707808
0.7499811170538522,0.77498424,4.134588255614233
0.8147334571959413,0.91715467,1.8847603014984065
0.7304520676876018,0.7582496,3.8307394647679005
0.2139624124347505,0.211451,4.761231968059328
0.1578937344556392,0.23003177,4.216039850378047
0.1698429079942651,0.20793259,4.984020786355329
0.5681228406267514,0.61236465,3.2972319036605002
0.9158210279304028,0.90346473,4.7268921232215035
0.9896534455128204,0.8564171,1.8090064183840335
0.5687796296296296,0.648479,2.7323166705355217
0.2104446776415032,0.17425826,4.771997024135991
0.2200859185413524,0.20086333,4.766531021773077
0.1338995241783777,0.21574745,4.291677120651494
0.1339438106689345,0.088428006,3.464151436392458
0.7933657435623952,0.7796897,4.574158200383055
0.1177502765218403,0.07789359,3.236978491700685
0.3759674974228366,0.34819388,2.574294984857241
0.3854635861985325,0.40197217,3.0024154277852086
0.7142253314314482,0.63134944,2.5020665064986614
0.5954807159992618,0.5213958,2.1710543952758026
0.4748331528005869,0.4168111,1.8187418284936752
0.6838757489467585,0.73094827,3.1482951845197706
0.8911685529978497,0.89164215,4.869738955658907
0.2322371351240235,0.1884723,4.600294229788894
0.0798840101276411,0.1222249,5.023723267586909
0.666590446833508,0.6247982,3.2392978880652543
0.1725138358814259,0.2567328,3.364044627324614
0.3168776918445792,0.5048463,1.251267065894474
0.1792824140327922,0.5228076,0.2158479015434884
0.6703462494694076,0.66929674,3.3517681179300656
0.2828237291952038,0.21467333,3.8526631802212234
0.8710064674908424,0.8199357,4.688313500789712
0.7618460966117214,0.81258416,3.925866315143726
0.8042765985048729,0.9008775,2.18081599675424
0.0523792460444469,0.22515026,0.9811461132789109
0.4169529201656723,0.28164372,1.1048842712262401
0.1161263410293172,0.17460535,5.318558070267719
0.9277468954522572,0.87466437,4.72377456752037
0.1020992979680624,0.14541487,5.344765983140953
0.8948019252950048,0.88795185,4.989698480609207
0.2129029267810352,0.20067021,4.828870417793792
0.19648523417109,0.11528838,3.324267359278276
0.2031083398139212,0.15029599,4.462378227222685
0.354550649004352,0.6728464,0.38694223185007415
0.4804244739554908,0.5030056,3.4638354731144316
0.9005911188004613,0.8694135,5.139246280377831
0.9937395378271344,0.8845884,2.578997423564096
0.9558333650769464,0.8554431,3.186138091045113
0.3023729912471634,0.3880174,2.137135293195542
0.9790775309319792,0.93287337,3.760167625067329
0.1877536083738806,0.18789141,5.045875860905166
0.2427539518009846,0.15178363,3.3862664119749173
0.3921144866897095,0.46436664,2.8064034090720216
0.2756802840846218,0.31190372,3.1947027304851106
0.8059256726411629,0.8063159,4.925815487738439
0.1864767706520283,0.1944573,5.040828356985271
0.1349643605870021,0.15062794,5.189046429420273
0.9770211025339822,0.89171076,3.4799993822715627
0.2702999540780117,0.15269762,2.224238984852987
0.5874565736447819,0.7948921,0.7872959746113715
0.9262267962437212,0.8181862,2.851249757149441
0.2463522559914312,0.16761228,3.8800136918614077
0.4108747001291751,0.54884386,1.9321944683079724
0.5075279999263764,0.56867695,3.3969198393505806
0.4930727838149481,0.8500761,0.17958073243881373
0.7633079950888343,0.6907166,2.8725008172009963
0.9400287086523182,0.89893115,4.6398933376342475
0.168885417681357,0.13521844,4.582258933327142
0.3765781016167415,0.548496,1.5142809131170527
0.7419669993529284,0.7349255,3.9093129069337693
0.2457838744242356,0.2825494,3.583104659275148
0.9748483156368244,0.9402909,3.698346930225612
0.1181461064110173,0.10697663,4.241066571552004
0.4551342039714132,0.53174037,3.097240652892444
0.415283134092373,0.49164852,2.899251831941852
0.9245507648136232,0.7522613,0.7972626955134394
0.7852307555094297,0.8380971,3.9775774071562977
0.1831767994409504,0.17848617,5.065249214010564
0.7026987691958422,0.79226506,2.539932679302536
0.1285539376653594,0.12104996,4.58179956125146
0.8621511841380576,0.8520735,5.2895366426606385
0.8551696061252475,0.83371574,5.2090755212288355
0.2253855937876556,0.18772113,4.689219735403242
0.5184088290582741,0.57727826,3.3981003795322984
0.1774311574173842,0.1654635,5.024239021172844
0.6004274803359045,0.42083216,1.0240268803030257
0.2424336566426851,0.4226994,0.897535155948761
0.5375548993198759,0.5751256,3.5039367418252096
0.9022791156234268,0.8520203,4.8804407465330915
0.1100689516668898,0.22064225,3.2602614389673503
0.0892648405041898,0.13813391,5.284881860525985
0.5152434661330422,0.53162766,3.459553273877082
0.0127848323997771,0.11558153,3.872263436290788
0.1730958242327767,0.1469505,4.79628259157079
0.90894265198842,0.81957036,3.577157324643615
0.572504011016082,0.66186213,2.5020637057528226
0.1386121593291404,0.10213135,3.9118223535109435
0.5086546611178302,0.69606555,1.040802996222698
0.2778022492970946,0.1517763,1.8590854525840599
0.5903717671159532,0.79565096,0.8019701502187008
0.9862969659623464,0.8562345,1.932332756222269
0.1144052406729658,0.15494932,5.390558987263259
0.3435304313045797,0.52190804,1.4095366150576965
0.1457145875038981,0.437663,0.1962954866540157
0.5086812956427548,0.5315007,3.5157144902108475
0.1089572229721267,0.15260054,5.390774061897262
0.073066322242547,0.17949753,3.9989802345294367
0.1920885636014228,0.14259852,4.452752860222811
0.7115320851793625,0.7912556,2.8231976539796277
0.0779051515301329,0.1734923,4.474847256990423
0.5922874793132634,0.7746388,0.9987702504529862
0.5787223080886141,0.57035625,3.2765397633716513
0.8704361342156585,0.89902353,4.211286752474266
0.1430543713517413,0.17121802,5.329615710853323
0.5098167935377237,0.6436359,1.8323504536291202
0.3893844606363926,0.56118846,1.5140976615695612
0.1718784260655063,0.17293486,5.12673811171358
0.1870723983172333,0.17207064,4.997611100580984
0.7326697155923967,0.92124456,0.7550406861150307
0.7124792531120332,0.7247118,3.618691634170249
0.0180721265895244,0.16075158,2.315891619892533
0.6379031874065538,0.5532676,2.203306956431093
0.5852016251288581,0.6200067,3.2659751362003626
0.9328717642739122,0.91401315,4.494308770641847
0.4902407373718997,0.36402106,1.0595800196060106
0.0295168586542739,0.14879894,3.4743284327338704
0.2066711387987165,0.17907344,4.856371139108254
0.1496529419457382,0.2242846,4.287160503574747
0.4628367632634015,0.6163366,1.6389105516205538
0.367247797752997,0.36977744,2.8844700005389816
0.1687315537482783,0.21759292,4.779163711618347
0.1405414976810975,0.23144075,3.714783432806298
0.8481339375993067,0.79216844,4.2505166071282705
0.0153039678582949,0.12772283,3.6366320337514146
0.0670613779635466,0.23702139,1.005024075556363
0.2403358567233965,0.21178241,4.535015915442046
0.5345231961924388,0.5168611,3.0204572478070815
0.4570897976195989,0.43965107,2.687304387833108
0.8477130313880847,0.86234635,5.0147449640023245
0.8290679372710622,0.8744575,4.082316145186218
0.5021925993221287,0.5162295,3.415910591703192
0.9683040228224756,0.9066679,4.035064821517681
0.6729661435573964,0.17535777,0.05056432972621043
0.2893680160309486,0.4073865,1.6076025060239647
0.3268639140354751,0.5186049,1.2420251582008917
0.8370600403929488,0.92551684,2.0368548814228165
0.9266424895750156,0.89747524,4.807495650548184
0.6548396094839609,0.59699583,2.9489747366622954
0.7811619265399457,0.8087163,4.548325130522589
0.7645450714222339,0.8703841,2.1933126871197124
0.881850426652513,0.8776417,5.112985160127109
0.3285079020175094,0.34814903,3.0047791852515537
0.8751962151555938,0.8933451,4.564771186826489
0.8969345511290618,0.89354527,4.871535801255868
0.2975160902932843,0.20066582,3.048466281134065
0.7097663987505713,0.6924682,3.539018963635382
0.354661376637756,0.42894328,2.531440666176273
0.7451185032458253,0.73399794,3.9111871631271584
0.7810828604090964,0.7422896,3.866506529238436
0.019699894124371,0.13399573,3.6169554565179873
0.6147462631481823,0.5665512,2.9359674985388864
0.0623546552483392,0.14525624,4.910832163982185
0.029969252271139,0.10051142,4.422777074006497
0.7704419682296267,0.835271,3.538048558776143
0.6762719399805492,0.53939843,1.3920535988383342
0.4687557638616926,0.3254761,0.9255278277441071
0.4070353763726868,0.31505162,1.7425538619120249
0.7317529500487977,0.89491856,1.208448836812593
0.3313823924419951,0.3881321,2.695170677403429
0.3225951276955914,0.46784356,1.5489233483249645
0.0190258560447239,0.08129274,3.941039042575333
0.7701737065018315,0.80457866,4.3330917243849925
0.7520151273178954,0.8733103,1.8754992993118054
0.1717459214130923,0.14453387,4.762329654753519
0.6516940394906808,0.5319258,1.5709426918035383
0.6044393584681506,0.57906544,3.211120246155553
0.4584064199666853,0.5344076,3.1189660054880273
0.7965450135849182,0.8164849,4.792030323513434
0.5006038994118464,0.46645898,2.477185674314804
0.8041178688670036,0.80383897,4.897614256266805
0.0073419586061959,0.105281845,3.8529661598965483
0.8408446477061599,0.86657596,4.746977464638416
0.7717119063601275,0.8704096,2.3641044068369643
0.6847796296296296,0.6572869,3.38974776293029
0.9632899398141096,0.8283185,1.818740638722591
0.7227225953980276,0.8441385,1.9066732179427677
0.208915161158869,0.2550376,4.030087886842191
0.6336179996715388,0.3639774,0.3903147838731966
0.8677989974270252,0.878646,4.9286028837784235
0.5199435002084009,0.49521813,2.8042885200796928
0.8477762988801176,0.8556071,5.1500158806764285
0.1286483849225909,0.2013905,4.773179772982103
0.8868500786051164,0.8897436,4.875659915705183
0.2487565617760051,0.15524727,3.299434535385833
0.5747830408334177,0.5243604,2.598270336376268
0.1557356451206023,0.13676828,4.7498650259900055
0.5936257932135122,0.5855074,3.2944505839932177
0.4819447427264803,0.46418196,2.773865725413545
0.0387592017923491,0.14834271,3.935261548059428
0.5224899292428123,0.5919984,3.2030419778735704
0.2913100816709064,0.1435258,1.0736515186339128
0.125301276074644,0.13270797,4.912274790561284
0.2784719806292703,0.12929507,0.9943966863636343
0.8365801728477932,0.8233942,5.155415891082249
0.2984983956617191,0.31376436,3.2266540043664724
0.3931541550263647,0.4239891,3.1050397862714907
0.17494745880525,0.15791084,4.957829302705051
0.5508397613709769,0.3760071,0.883025246031064
0.4349566340653257,0.6038197,1.478285055283453
0.2845083433531775,0.19377048,3.3488251233326976
0.3823581364539633,0.5194124,1.881151067033695
0.4212885028251125,0.46017832,3.284823452273651
0.4647205467763119,0.43332228,2.3947374200453875
0.4976651069674325,0.6439617,1.6469205162223943
0.5020804326150031,0.60785496,2.4666538336383645
0.9867774152930404,0.8740606,2.5320680225092183
0.788889163902777,0.86745393,2.970923470184319
0.783855691597906,0.8553314,3.2755476869943756
0.4196499828504981,0.4529889,3.2617949780550233
0.55395561804157,0.37162384,0.8255155768732143
0.9034857155531896,0.81560254,3.603366245606083
0.7732288616804187,0.8341958,3.6771512650055524
0.530112962962963,0.64188385,2.21365499825571
0.2613889683935069,0.19330195,4.090508284725116
0.1919787777006361,0.27593142,2.9987394397410276
0.8639282142787112,0.8302885,5.073594578712954
0.80745090567078,0.9039525,2.1501359585542072
0.0687232991469642,0.15642235,4.804014440213913
0.8900134182321271,0.8779112,5.1445093424463595
0.4839529683077676,0.5870373,2.569513358175182
0.6131061293851992,0.6454156,3.1490235557893924
0.7255897741876263,0.9085533,0.8796875735408232
0.8112537202380952,0.8577027,4.174880102489456
0.3882703057891378,0.6779577,0.4375344572734642
0.0193497552775992,0.15738252,2.5439182623746883
0.8259058710652022,0.85688746,4.667146316297352
0.280598192746453,0.49465597,0.8569515354246572
0.7424039091504695,0.8209435,3.01553274433067
0.1495555555555555,0.12622648,4.547620829326253
0.700766339406264,0.5848025,1.6720977413535592
0.8658662679132813,0.78383565,3.4760780194808834
0.6852734651806994,0.5870073,2.047827079079186
0.9273902282065244,0.8195763,2.866124318272611
0.1130934529388137,0.2229109,3.2483922604740383
0.892452479811062,0.9027433,4.520108065756304
0.3055199823360565,0.62197983,0.3837638475486504
0.3148456126554957,0.6336802,0.3833063025300604
0.7172229734877342,0.790174,3.0234039986598447
0.3029011665463388,0.4338539,1.5458122885166892
0.0330996855651238,0.11592912,4.537110823736918
0.328700269645963,0.5586202,0.7082957713865863
0.3778218496056542,0.5464099,1.5503335076835536
0.7477664262820513,0.74676704,4.035782133960748
0.8033799682346714,0.8243517,4.842207830411975
0.6313479537276483,0.37994465,0.49869162321904476
0.953469035302512,0.8576089,3.3679350434300357
0.7289395455195082,0.8709793,1.556628895915089
0.2969138336510764,0.3638352,2.503214596112196
0.2810873614965168,0.4048841,1.5056267039796305
0.6977600030398601,0.4705898,0.6368667351224221
0.841833479353954,0.8848355,4.031889284781358
0.101411405351999,0.1585632,5.3816346868557075
0.8122466771473488,0.91019785,2.049617876216785
0.886163463638349,0.8485174,5.1068069036890815
0.0293805002533165,0.11278076,4.459466533393514
0.0160040070327513,0.18028843,1.3613107544664351
0.8485749720582757,0.83823913,5.2603861602719775
0.1823254031397357,0.30352187,1.6790391278761925
0.1953512573660408,0.22429848,4.6905690991069635
0.2026928621042489,0.18618904,4.925724424251266
0.2426903227252018,0.39714447,1.0298106086219063
0.6757759734268315,0.52464426,1.2618108703719744
0.0209190945100507,0.14420211,3.252010809729314
0.613539879449889,0.7274898,1.8423535917270768
0.7995416576795624,0.8218385,4.794600525177575
0.9472466495318524,0.9050118,4.504641930614333
0.3031471427256832,0.49697953,1.1504913627030158
0.0586864863345482,0.11892138,4.953727204829387
0.1750901467505241,0.1184813,3.979153106467083
0.968976304870059,0.8501317,2.416460783775348
0.4951337215912679,0.7262769,0.7004000200990611
0.1117769565432342,0.16564684,5.392811585034893
0.5445720173695444,0.44328937,1.3252316153302521
0.029027413852771,0.14972804,3.407275691605358
0.645343520708265,0.6540145,3.2551601640229095
0.923797359691964,0.92122173,4.229924674161359
0.7065585250821781,0.7930219,2.6329722032285217
0.0817171344679311,0.2041508,3.0306993493839243
0.9490195798199228,0.8154873,1.8618060044116602
0.248111802991741,0.20901538,4.449214261691625
0.0844768543711181,0.08469482,3.71196218933553
0.7381286887978196,0.6939988,3.399142449969215
0.1819382109085925,0.19457862,5.069132801132186
0.6801625128858165,0.66828406,3.408641333840974
0.677924915453889,0.25095338,0.09256728822672439
0.0891022894631142,0.15730955,5.26074492058906
0.3238962298896005,0.269255,3.1869006669181785
0.4012419265547149,0.46235764,3.021819882346511
0.034182465604564,0.16588885,2.8675425352945116
0.597056386717076,0.56810164,3.1439214995938696
0.384853983453554,0.40771505,3.0379927474480932
0.7375421435542542,0.8918599,1.3393561946000367
0.7140188652279548,0.84520495,1.7323753191530278
0.7342903782427106,0.71506214,3.7121916676439306
0.0340358958962715,0.1224499,4.497708063166089
0.6896853744727742,0.5684278,1.5824359900988745
0.47336173382685,0.48011392,3.221314676232219
0.6169361592475681,0.3744313,0.5337770568357938
0.6025234536862443,0.76005673,1.2339074829297254
0.9541663657373972,0.91382664,4.34166852597113
0.4786351427827133,0.54156524,3.3858540343990695
0.3819763794057944,0.38700572,2.90194857378085
0.2707239692522711,0.16949308,2.9920777334111213
0.6847266025762815,0.47565815,0.8005319140715103
0.7413400326716498,0.83110684,2.6786140833716243
0.1951772779260388,0.10579896,2.898298926575189
0.5948785995297623,0.8214147,0.5950926042071759
0.2561193114445761,0.17742819,3.8696414826604033
0.946770456908074,0.7970211,1.3258748681544972
0.686992064956634,0.7584793,2.8303658401809084
0.4578656660984505,0.7060424,0.5912063580010928
0.6072400419419633,0.6673858,2.871134105642602
0.5601359142317411,0.6719848,2.062915052731691
0.1773497756532449,0.15330487,4.8664630315087365
0.4887702724580265,0.6157224,2.0476610821279504
0.5478408641199338,0.6544104,2.243713869916092
0.8250601248393611,0.88804656,3.3042872571176263
0.4589516216736241,0.48733488,3.4393551801415327
0.0507214119127827,0.23600702,0.668407876651701
0.1467330420246928,0.10434585,3.8982792104154274
0.1980769050586063,0.13507473,4.106275693912592
0.4220907916589776,0.68073,0.5284890870055384
0.1443400345409737,0.25988588,2.3984126764010325
0.0524106306065068,0.11272335,4.822772460465961
0.4672858905417045,0.5098487,3.524053459668486
0.3803986016643234,0.36707506,2.70946505849119
0.6995628939954773,0.7508883,3.2495786591552713
0.2405521704538839,0.123725615,2.0832320199263217
0.0163409220578617,0.16489498,2.035111208816611
0.1023926886436568,0.13871562,5.244007019415591
0.2982467081431911,0.3059865,3.289613498562172
0.0506438072760678,0.11703042,4.861151612087328
0.5484234384374375,0.61817217,3.0606224637590773
0.0579679228519601,0.11966018,4.95782235591162
0.8789659445566366,0.8950389,4.574579649773726
0.0797649079230784,0.13424864,5.23130534826635
0.6863739151306896,0.74776363,2.994590715321577
0.6629101310204834,0.5461802,1.6339978492760012
0.9148222040225508,0.8389132,4.140821451171961
0.7388108132917202,0.9165482,0.9256769817081048
0.1834522693801044,0.20134711,5.019565729476355
0.8149882669413918,0.8675484,3.8952701813094435
0.6021368035937571,0.6907327,2.3798767550681377
0.2411105904404873,0.20672414,4.537492155544928
0.8259109396096211,0.80159426,4.850397387834267
0.3992905234889102,0.66512954,0.4924198090087202
0.7925394818560909,0.82023996,4.660064215084991
0.4103671050330845,0.48495477,2.8958899375131106
0.5260459018885131,0.44522834,1.5360993066200659
0.7500720876585928,0.8838933,1.6433649239874406
0.4411226790510495,0.44379526,3.0248613374503797
0.0707667986414726,0.09737774,4.306560003440798
0.8932762989015385,0.88334894,5.071276052752811
0.4107283923358112,0.4616371,3.181729183312859
0.0499051382667604,0.165567,3.6617878931565504
0.8217067981725131,0.806084,4.954828359287586
0.8520351579248248,0.8338391,5.225244239083848
0.3354048010063245,0.7079326,0.18764519490553444
0.0896393670523776,0.15145993,5.3284152678558785
0.8487168988275738,0.8614617,5.052399936035329
0.2346911672157849,0.15603094,3.8545210135126395
0.1834042294034423,0.19930455,5.034471633718936
0.0490452454346991,0.15292595,4.200128478464563
0.0752679265538814,0.07509211,3.4166658218906862
0.0187434730218235,0.11752327,4.061684252702476
0.3087511116301213,0.21580736,3.056217656635891
0.4795740395941786,0.34638023,1.013702988214218
0.303164150142502,0.19622223,2.6442337903861293
0.5342356436844339,0.57811487,3.4886578309253578
0.1069381272556484,0.16187333,5.394117381300481
0.8343769046167911,0.8768465,4.153451033048279
0.2206415858393287,0.25518724,4.085455546857409
0.019205544424909,0.15574923,2.616409182123248
0.1558915823603902,0.14770044,4.964938652940342
0.1747283294199833,0.25794306,3.3641467626035713
0.008695387382998,0.14428258,2.62205016891654
0.7471521020745365,0.92326367,0.9196145109144427
0.9771502662015789,0.9210323,3.8625277985131934
0.8910677509851297,0.88668466,4.993326406618291
0.1850981319222992,0.18175812,5.060185698421784
0.9604260935143288,0.82879025,1.9410469192557323
0.5468970953853617,0.57157516,3.4720231753657123
0.3572954945121581,0.31740654,2.6658433089493534
0.9844027940929686,0.88523877,2.9974726010473307
0.6355272572918562,0.69027853,2.87376442502177
0.0275639542486947,0.08907114,4.186969071753406
0.2544213123674779,0.2654198,3.8922544113285102
0.4807446485962039,0.53101146,3.527994451927346
0.1575296508294184,0.20491736,5.015078410736653
0.4914462962962962,0.51669055,3.516056798317893
0.5736129629629629,0.6333466,3.0701388220049157
0.8193851782707982,0.7161037,2.1764424089325836
0.8532780054510873,0.8770206,4.690598093617828
0.4413563388078981,0.571159,2.072666681487433
0.5892437363960543,0.33751523,0.4214828026019201
0.1248562783661119,0.045771502,1.858815616735675
0.8308975275117908,0.9362604,1.6016053050615826
0.9700267313499332,0.7526123,0.3546984077955514
0.8562388075999127,0.7926545,4.0839762086078615
0.5250597295494512,0.5597833,3.549531969855069
0.8698623075980891,0.8200891,4.716491791004316
0.6608501606937116,0.6534178,3.34812011813487
0.7332072439693775,0.8603801,1.7998970675520403
0.2069628327268266,0.18211034,4.870845313311698
0.7664648394846035,0.6921054,2.836436306497429
0.928585529234318,0.8862559,4.819024321054279
0.8356995816178555,0.85581404,4.938051621614342
0.076021166471234,0.10526745,4.543749408236248
0.6991283033705045,0.60035,2.057468821462872
0.113861576567279,0.15774707,5.407927253778241
0.9129521700077572,0.87400633,5.005742151698156
0.7462526607593682,0.8458986,2.4021353796343585
0.5943775392638408,0.63194877,3.1949675240952056
0.0153780573025856,0.09641005,4.126609958502435
0.374515182221601,0.32590687,2.422713079403407
0.4018746287431426,0.48774546,2.6562327654447344
0.9749393594376516,0.8787076,3.195237829678676
0.477579285670972,0.45207575,2.5782043480650594
0.8781463484350437,0.79216856,3.4491417542366083
0.0253586236256617,0.12179932,4.218947317625546
0.1276687631027253,0.1753011,5.368248776452258
0.7495919772351753,0.9055891,1.265964615920719
0.2274446562766075,0.16273405,4.271787109020117
0.2772888246366406,0.383637,1.7319674872272524
0.5688319337310483,0.49862215,2.0519007214848157
0.015189781305183,0.16308597,2.0648671095733855
0.8389624622872668,0.8772303,4.284098033257506
0.0868851251840942,0.15468611,5.263909309416195
0.1705286389675183,0.21865869,4.762854603302376
0.8808776793228057,0.8619523,5.261424678706254
0.0401215932914046,0.13805294,4.362883366663238
0.3575238586061235,0.4810776,1.9117527401939518
0.5252796296296296,0.6615748,1.7206239736459068
0.6666517470263887,0.5678005,1.9863665543329432
0.1759934395501405,0.18579642,5.129775140033701
0.1847818642875652,0.12351848,3.9758902620274066
0.5869923120038147,0.73021555,1.4123092087390003
0.993116238762761,0.9042371,3.1395117000692414
0.7770868207242885,0.7582948,4.23767628385107
0.1726310209596007,0.14661463,4.794531441158212
0.6702796296296296,0.7867992,1.866308496867081
0.8072731170501644,0.92741776,1.5191909047712788
0.0853044118248354,0.13651682,5.26570893741
0.5489529014032325,0.3939401,1.032150078054069
0.327112962962963,0.46061957,1.6612674038387918
0.920421609261112,0.89419067,4.885875386684
0.7801004900747488,0.8321107,3.9940417987277748
0.5563931841610575,0.5905595,3.4276961894778
0.0089577406962081,0.13741775,2.9429879504203793
0.8687505545204508,0.88772744,4.645234976356954
0.0241885845651851,0.16497858,2.411872906705467
0.378328111459236,0.58571804,1.0250798282375944
0.8720219079896865,0.89200735,4.550281494516461
0.5386718613508508,0.62710404,2.7148641918744585
0.433010180273696,0.79455686,0.23293010789240448
0.8802247762238927,0.91651446,3.615554040004777
0.95316649496337,0.869608,3.7934546930347777
0.2724762744963683,0.20134985,3.9362298486749068
0.0148705891973668,0.15330215,2.514144318058699
0.1472670401112155,0.19140156,5.2203324657429455
0.1633327188403547,0.15593572,5.030711672836873
0.3682139866189341,0.564262,1.2113848609964184
0.6511301999674092,0.65864736,3.2671352409055703
0.4545847729154989,0.50185466,3.4612619756382883
0.0404828883346281,0.16362219,3.301210382470671
0.514285442869628,0.5044503,3.0767353196770273
0.3951644954736145,0.4966032,2.374839108848426
0.1235767840407015,0.12942833,4.845884237425977
0.832802483974359,0.87644446,4.119214613750643
0.1041354142024185,0.16616616,5.328100493737874
0.4680142829534055,0.5357336,3.291681280552631
0.0972604686804766,0.1401853,5.294514258410758
0.00130355728907,0.42295626,0.07349402098167877
0.1722334032145352,0.13496518,4.5362688387446966
0.479887433105739,0.6216012,1.7907236372034536
0.2494312698516804,0.18101005,4.158896649733239
0.5958615919441624,0.8283103,0.533308977010468
0.1262896272617965,0.08628089,3.4670638267230705
0.613559173975331,0.44430628,1.1342361655706108
0.1843593958570228,0.16094066,4.909231495030231
0.7973259968557953,0.9386338,1.206514938971401
0.86322566814349,0.81455386,4.680361652294345
0.3228182855294952,0.24117953,3.084894270887448
0.3716732274348168,0.32186395,2.4492175227081243
0.8878934438192226,0.8967377,4.667452119049056
0.1658685005425379,0.115813345,4.039109156900326
0.5954687084394118,0.48449886,1.4686361227339633
0.8119430693069306,0.88924986,2.8198141871544835
0.6195626499354124,0.55307543,2.550764150562532
0.5113538067711252,0.44517687,1.759871223038919
0.3901236940494077,0.39978924,2.9576730743430284
0.4565935217862259,0.5847813,2.0920037851002466
0.0110002904552652,0.13846496,3.0017768394625812
0.7112605149120571,0.83695227,1.819299557461186
0.2127136980187452,0.25351664,4.093846143801929
0.3764329118081786,0.28439555,2.1240425398592118
0.588112962962963,0.6174339,3.2820183554914117
0.7589700663919413,0.8177346,3.6888930069931885
0.4142720271663331,0.46635225,3.19783277998416
0.7058278960622709,0.7050501,3.5531745692326284
0.7225282835593478,0.77364033,3.507326567843631
0.9132879011464804,0.803344,2.695740730576026
0.2414309819103741,0.1567887,3.6509618733036517
0.679495206779975,0.62910974,3.1524973009421213
0.3425958279464691,0.42610374,2.319997059467956
0.0175407607680874,0.09263077,4.137918838592332
0.5622587065624196,0.6510112,2.5735836138607056
0.3012511959961728,0.5970314,0.388541138202262
0.3009589457118929,0.1395076,0.7366698044919691
0.2436291460964515,0.35022375,1.7328599827524875
0.4055175288287871,0.35940367,2.1778575710549104
0.9523839989931197,0.8347446,2.4943980991502936
0.2494771866667662,0.2933095,3.369781061840089
0.3293482352744338,0.63632894,0.41367324242915093
0.7509538108757371,0.7938125,3.9765522714768453
0.9715854349674128,0.92384994,3.9728915967437426
0.6545194348432477,0.5908644,2.8217499421458117
0.054712788259958,0.113195576,4.843395300659982
0.8458182078033444,0.73972464,2.270998498207152
0.2747390021927697,0.39577958,1.5132999281746653
0.9560476676013256,0.8635495,3.476703277164994
0.8445748177790482,0.8159369,4.992696252196047
0.9160881196767854,0.8732251,4.947846547660053
0.0987575922224593,0.13708152,5.23659993404103
0.5705752263891799,0.72554934,1.2891442624188743
0.9673875300283904,0.8781118,3.489958751634334
0.6116303854082952,0.41870058,0.9338187641015601
0.4780410318158662,0.51878774,3.5566730243119156
0.4448626363187293,0.50802183,3.272815646574612
0.808278893036721,0.6372614,0.6866501986589814
0.932959880109779,0.9075182,4.62893147239588
0.7544137295969955,0.675102,2.6604929343741692
0.8999090545482248,0.8865278,5.035499327720108
0.2246376744530411,0.15243351,4.032967430259605
0.5345901269063135,0.55063665,3.454188099665813
0.038040738693326,0.11109833,4.641722356931004
0.8962897779304029,0.8627376,5.14744156470082
0.5344482008058167,0.48733723,2.3665539500865447
0.2177008627386842,0.12440537,3.044124426356161
0.513241203396345,0.5904434,3.082403524119497
0.1295362430337943,0.14564763,5.151395909930256
0.417437390091565,0.3018384,1.3907950460412872
0.317082506916634,0.22202416,2.902914475978967
0.8477406707875459,0.8765078,4.569550785393356
0.4845328114906714,0.282193,0.38842595792399287
0.2911443937449053,0.29441306,3.4134288733406706
0.963311222216722,0.78473705,0.740285594234339
0.2357766692562456,0.16312253,4.062568149647051
0.663718159264824,0.63799536,3.3512273422718857
0.2975302233520268,0.36695564,2.4523827985421405
0.005027218469207,0.15714683,1.8565350737843596
0.2764717180897413,0.27886,3.6362842579403614
0.4597389520082076,0.5035385,3.49359156917974
0.6180184242736585,0.48749834,1.385931333703403
0.7363998856652851,0.89974236,1.1906875690830412
0.946637524377844,0.9503739,3.2877201171471038
0.2407051258112942,0.43074456,0.850301937755452
0.9377949822398236,0.8908751,4.669121352665398
0.5258564293900633,0.518579,3.1631892482171198
0.4539725923033702,0.56413436,2.431554953590179
0.6070925639704619,0.5775906,3.1799931273145163
0.2173129635300356,0.16358343,4.505867167668898
0.6344299241762466,0.618919,3.3222322337535513
0.2734902877767644,0.28305653,3.599569877297505
0.1205213231385697,0.073959544,3.059570139542173
0.7038868467164405,0.5665544,1.3451892201492355
0.7433209850678043,0.6168438,1.422713187734387
0.7211422651369779,0.7349241,3.7234319506242035
0.9846369576450584,0.95175916,3.3611890875889046
0.5998794507145603,0.5591913,2.984153177512945
0.3482616718951836,0.28109378,2.7477050756857704
0.8849959050738991,0.8707679,5.215205964978032
0.941559239674146,0.78309166,1.0932185345961725
0.3379831423200533,0.27238667,2.9310383532187023
0.977778822830553,0.89204407,3.458517419758903
0.6252599264752328,0.45402566,1.136178598831081
0.6276262872603786,0.3212695,0.1925537906735299
0.323579310171746,0.6308385,0.410338140837835
0.2063653387149981,0.2917203,2.705059454694696
0.1589397718444617,0.18136989,5.244743570156907
0.0535748848939851,0.12343727,4.935201209948784
0.5437317324601297,0.60094285,3.30052001795317
0.2419359025065506,0.1876882,4.434135454499386
0.0673860900036541,0.14573713,5.028704396051618
0.6005506499106205,0.7539529,1.278228690145523
0.0603548547348225,0.14282781,4.906831324333692
0.2677721144206354,0.19828461,4.010140174031108
0.0725768774410441,0.16532725,4.620777030555015
0.4250459998528004,0.55267936,2.0981927563881912
0.2523567048101959,0.19593252,4.32608966493178
0.3791328603480686,0.37368298,2.7983094715545946
0.4302648148148148,0.45712328,3.2839753030787016
0.4230679859437942,0.7459184,0.31382895997044763
0.8716048353889292,0.7689777,2.6578010532966294
0.9973121860668268,0.8277208,0.8485356280811799
0.909274909058646,0.85936964,4.88013595079495
0.6569323391839949,0.4385152,0.7584972741955519
0.8850861378205128,0.8150136,4.169282056807613
0.8700827555995733,0.66435504,0.37041226100987423
0.9944307731524148,0.8686472,2.0277860315100287
0.7459982559206902,0.90477973,1.2333456635455644
0.03443942637614,0.12139214,4.523758727953079
0.3625981481481481,0.5545804,1.2724007771753585
0.6263113045894503,0.47837347,1.2912018556604261
0.2553417190775681,0.13244763,1.9016351352462815
0.8276496213058759,0.8870621,3.440585763540241
0.4720521679479993,0.4209566,1.9612239597293526
0.8749273858921162,0.8736206,5.134025599736605
0.3722648148148147,0.57709837,1.0727598494199782
0.1404634482481113,0.4694122,0.21531424957945375
0.8930670287265972,0.8367706,4.6987213457108945
0.8379247632306515,0.85885334,4.908237125857829
0.97042543013281,0.84966433,2.3377490032601185
0.914903157701487,0.89978224,4.808930607893111
0.0196872453650145,0.123261936,3.96432774656804
0.4915892636822869,0.5587344,3.3231081807262584
0.5988026983002182,0.54805464,2.775780767521982
0.0550183174207572,0.1624339,4.047052440546847
0.9622746398693134,0.74174243,0.33379970868586584
0.4274252435034171,0.63126856,0.9936480501394517
0.506210814302542,0.60588586,2.594070352866979
0.8253333905677656,0.8661825,4.3107801418340745
0.5497204654250673,0.71148956,1.2474076521911828
0.7831413073442846,0.7868758,4.620987528574653
0.3765081276339554,0.39483798,2.99026656902512
0.4490583606862676,0.4429652,2.8943660143303953
0.6531310559714253,0.62873816,3.3358622345882325
0.1316392866931615,0.1906593,5.148628081013637
0.2372752866652981,0.14405924,3.2473596797732327
0.5881922157570447,0.66376984,2.702983331210007
0.1152004540779694,0.09509245,3.8709041758447795
0.4973806326124206,0.41377273,1.4009058641018832
0.4894915833871641,0.33929652,0.8871232336024895
0.7346245235384388,0.78965914,3.5733321000696323
0.873125587842186,0.7072524,0.778147277938026
0.3556047421818596,0.33711016,2.787105777950747
0.6876141590560628,0.54393184,1.3091292118407343
0.9169482096925652,0.84359115,4.235995647366954
0.6361518852210084,0.49127635,1.322715683469154
0.5360407421642964,0.66964614,1.7261004012182315
0.1624856071763288,0.14047426,4.768983600948648
0.1040677791415641,0.13651796,5.189324178985781
0.2649038132109085,0.18163452,3.698323866712649
0.0769599898424838,0.09877696,4.301062169067595
0.4502179241573739,0.49906632,3.4335489849101313
0.5666492997853093,0.6447239,2.779256229890151
0.2047899041314997,0.45177236,0.35656301315571515
0.932431683080472,0.90559286,4.663144982610147
0.2953226878580338,0.24297954,3.7071576731718157
0.0953681754724582,0.12673005,5.031305462409412
0.0338662431403569,0.15165326,3.5575743594499545
0.679661931748485,0.6673962,3.4071081906522207
0.711710116180221,0.62290907,2.338418948235116
0.9351285870112436,0.84937376,3.7965394696313144
0.3794530349887817,0.31702712,2.2873814095947296
0.4421211452123353,0.49399245,3.373577937301559
0.7994807187762981,0.7912229,4.749236777972237
0.6714213525019898,0.7511052,2.5859440155250364
0.666855572728834,0.6673962,3.3348296654285683
0.8410651090567672,0.7813597,4.022256891272787
0.8407277789910459,0.8440298,5.206544457381873
0.907014353222612,0.9576635,2.2104304189281936
0.0146881391552361,0.094052784,4.098142299899073
0.3509653835774392,0.3066719,2.73696282686822
0.4585223103532618,0.57913494,2.2317456281533303
0.2101638755748743,0.20642368,4.822063459874619
0.8224370064767988,0.8901537,3.116884170354702
0.5494462962962963,0.52290905,2.9338656974293316
0.6248918744823778,0.60956883,3.310172104856255
0.3627642475278661,0.54469657,1.398502178809969
0.5695249169713142,0.6274622,3.1244450935545496
0.4367880077516434,0.55445814,2.275611729034256
0.752972430116847,0.9000648,1.4028205860391523
0.6920920920920921,0.6214862,2.7773704876214755
0.155112117993696,0.27297914,2.126822942289016
0.7733849809415375,0.798198,4.477347067679843
0.8010579217918119,0.8600313,3.711405916497275
0.5171227318738132,0.54922307,3.561951482784739
0.9716624808910242,0.8601998,2.686530180278848
0.1403204874672467,0.15400043,5.193939129999751
0.3562755512072399,0.47443357,1.958410424507284
0.2587777097452025,0.30148977,3.2678317645558126
0.985659664025598,0.8937901,3.1871230986650234
0.2348878390225574,0.15032221,3.621198958503772
0.2074154737593932,0.4206429,0.5656766179518105
0.9489165271710286,0.82717496,2.3239940557257013
0.9564261663860784,0.929655,4.06043799281955
0.3822982232733005,0.36794648,2.692459866573399
0.3524766320747773,0.33943677,2.8393929736545886
0.69370872497292,0.6453786,3.20924878763279
0.2097455504376504,0.15449452,4.443612552570988
0.6421781577830332,0.61481893,3.301868256111634
0.6574314814814816,0.6826894,3.167435090512062
0.1710124880087707,0.17346248,5.1363084638100185
0.7066864125457876,0.6460284,3.01974227140921
0.0632752814461251,0.15174517,4.77318616280225
0.4690965479794958,0.5453218,3.1406015904512024
0.5423743179026159,0.5703549,3.492705964557909
0.1422599580712788,0.09143358,3.4735314945709113
0.126924397922885,0.080322765,3.2343176994175646
0.7664881110815367,0.8859042,1.8560812628423202
0.6099287658435363,0.7007983,2.3094099009175344
0.8689957334748704,0.79471815,3.8301352811706177
0.5401960099634517,0.6611819,1.9615025007961255
0.8519638567372789,0.7503213,2.505062568976673
0.3826183979140137,0.35227707,2.5064191658048545
0.7299848582965107,0.7009245,3.570704492141104
0.1215488133817165,0.08054966,3.3001255107610965
0.6830629846825669,0.7890519,2.10133287538967
0.4129883312523019,0.48757023,2.9133051671559844
0.2166049674570201,0.2878632,3.0689677049592365
0.1875230945189008,0.098779716,2.790135912923386
0.1812858967368979,0.23517013,4.379293508110827
0.3004509400573107,0.300797,3.316056981941604
0.005130648992639,0.29686207,0.09375334962218002
0.2369100870916302,0.23514408,4.3787968594229305
0.0681879289870118,0.16383384,4.521773079501496
0.2754775486461636,0.27052835,3.7306948151172863
0.2277273750774022,0.27944353,3.5134548620426402
0.0050428851415597,0.38679245,0.12138422107965767
0.6821756781694038,0.68292165,3.394040380448155
0.8137995200025945,0.8885226,2.9090359234308476
0.2173911635138637,0.124806926,3.0761116280584426
0.052401347268872,0.1436087,4.647510831587236
0.8141297504578753,0.85766923,4.274675839372776
0.836019670163945,0.9152466,2.40780125842836
0.0701731259009194,0.11092776,4.772667218207735
0.5390793023520918,0.5113227,2.8493356055274313
0.6025243647674878,0.5332581,2.350784010860514
0.0006230778864752,0.36037055,0.12298616688934051
0.0330093039380112,0.16062672,3.0776298450437456
0.5500624583105936,0.53762555,3.1662835061557284
0.6677297703962592,0.59080243,2.5492989615020427
0.60009285827819,0.58690804,3.281457391653525
0.844006124084249,0.8769571,4.447716827811647
0.1445434462444771,0.06998093,2.521951443223148
0.8330638363942862,0.88012093,3.959824344303579
0.5619602418188514,0.66890264,2.1625444176044617
0.7802306102378611,0.6962819,2.6127190790930355
0.7177490353008431,0.7255414,3.678817569492122
0.531284369809928,0.7926563,0.4123209987386261
0.5027648148148147,0.56907684,3.3235059345190106
0.7937033195020746,0.86343193,3.300131348100002
0.3080453544847828,0.29914698,3.2722310909769083
0.5722009008923215,0.60069716,3.3653692697101336
0.9676704301843648,0.85959107,2.8362076697271874
0.3517156434536496,0.50588757,1.6223346148573004
0.5987137848311496,0.5408514,2.609020158769409
