mean,difference
0.46731685773033627,0.42490194589890495
0.27369051464576066,0.04459820763624789
0.7805539553584266,-0.1050588716622971
0.947130076378899,0.07620678800407488
0.5133545993062217,0.13078975643562463
0.09990253340141257,-0.09266941168037493
0.9035131864623034,0.18799720861033675
0.49685082014836923,-0.001199063133437317
0.4901775141859169,-0.1072751243304978
0.16257415727768942,0.004014551957341128
0.2002470754664463,0.10728906851635817
0.8440379694223028,-0.1605670064450061
0.8220246707850334,-0.006582920659852776
0.4495739410674183,-0.6103442767549339
0.6731050276349413,-0.11017245777638207
0.6341391421284749,0.00015477675725494855
0.9381208505896412,0.07586194806648949
0.13699198947053712,0.021455132677188737
0.5632875458622824,-0.020119449252913424
0.4994661479403627,-0.11087149993378875
0.8480893186470642,-0.0748081581312866
0.6400989372985444,0.14745451598502834
0.7598821438060201,0.028150422713358658
0.541758363111769,0.2582066151777005
0.7282725580706053,-0.026056526467432062
0.7841812108462547,-0.029732041655879282
0.3685761641838008,0.08355252968824978
0.36971945105040516,-0.11090927247118071
0.8137323572513129,-0.11920958473748655
0.6195255890232974,0.061025693961511696
0.8802458844932854,-0.03647216114343399
0.22606885362295565,0.01377248622235172
0.171228059554199,0.07243074660321
0.37349165469567525,0.010503311756462741
0.2180493532903467,0.010239076472813774
0.1760205995331069,-0.0026777245025118024
0.5298672625486656,0.2509068864712326
0.09831270406530174,-0.06609759072689468
0.2981308632253783,0.09300635917170391
0.11067760221363329,-0.015670592939829378
0.7602600948237339,0.35183761442163775
0.6194643801621217,0.025928224359277552
0.1525749604340194,0.05480448214924302
0.12392085165373233,-0.07825524865405267
0.5543037278430027,-0.0919620547738943
0.582028775172635,-0.05508929737964463
0.7125366138857464,0.0978918885075768
0.4672141167871473,0.006118256519698717
0.5187708947175805,0.195741218947185
0.1400346710061186,-0.15092782104509003
0.82758260902031,-0.03437481053146252
0.3623684605660664,-0.025176115691139866
0.49052661981078205,-0.016560726843432183
0.292289641814747,0.0977177268610766
0.6417264546412709,0.07956592350373304
0.16053594045641273,-0.05900065317149464
0.3578384043807792,-0.04850033481220262
0.4033942373562128,-0.211309879627174
0.551017319725396,-0.13027112570118538
0.08150531728163285,-0.06262370190829192
0.6590044314265041,0.0749477971791801
0.5765523455799489,0.003996758115464294
0.8262523683824432,0.031021410806634564
0.9370705950878613,0.07612035048456034
0.21556624897612914,0.08336144940642087
0.8163289590694796,-0.0385238798423031
0.1786668055505684,0.012201379388795536
0.129427125341354,-0.06036629222500682
0.6572938022373302,-0.24238609128034438
0.6681557051021128,0.05957443548803909
0.10854138351999182,-0.03392258450344286
0.8049020989673559,0.27519027867659396
0.42977145920609183,-0.18933813551237688
0.8783052980475237,-0.056178248013534327
0.1426807024568111,-0.037227754098218616
0.8652312338252179,-0.024452650567032497
0.9466707925024401,0.07204131683166248
0.8133241422633695,-0.02999093380364437
0.9217410549028311,0.02526733567388717
0.16292380677918197,-0.025851321473526923
0.1379323516708537,-0.07324050577045998
0.8704907495014993,-0.0369535290731734
0.39299609475851927,-0.20331974400041752
0.5975203284828752,0.058518602293509026
0.2089039994612331,0.06701267030537023
0.9195957914229509,0.019364503072952566
0.1270919341413602,-0.03008740175397699
0.22850584942328442,0.10435080445264794
0.6890749720496596,0.0716878946150662
0.20581164181740216,-0.08839978336272375
0.24302059960654962,0.018059115654062985
0.22555968873517482,0.05953107700381216
0.07737299937487013,-0.049487990369789465
0.858703471429465,-0.01852755306697329
0.3161249432651606,-0.33146846817167464
0.4436110895475583,0.13353902928051087
0.5890462120851359,0.07556122948338195
0.2578132644110045,0.02631122764212307
0.125962225877139,-0.018473718001657632
0.874647326256286,0.1437709470300892
0.6220810306291021,0.03234741930568963
0.08811408192799126,-0.11860785065321852
0.3452581964469442,-0.047585089497468924
0.4631688460963968,-0.09383108908772397
0.951844926447295,0.056194654644773134
0.8454496507886923,-0.05894560713690988
0.6981406943823857,0.04019036627331629
0.5936613030769511,0.044993747778352966
0.39478201641947475,-0.25739906282602854
0.9234192489284574,-0.001021719237506491
0.19886431206043242,0.12183252193084715
0.8983121724535572,-0.02541096774547358
0.35889841235356224,-0.1252338068350814
0.5600294219264277,-0.17583291792692968
0.8588831529155716,0.06991078558273
0.6043737278910501,-0.2134820726450236
0.38898580576166875,0.047874854111380705
0.5554974905455554,-0.09579868479481457
0.8437778389782168,-0.0014982151328608584
0.8503214642356592,-0.01714767516637683
0.7864495199349649,0.034892018919612466
0.10524539067139951,-0.0012207147719318218
0.1927098371563316,0.09893981376845853
0.4302562664900328,-0.1590685465029666
0.5108210890161867,-0.04501763012650106
0.9187413111954423,0.050537517791885644
0.654994755430973,-0.21535581460802478
0.6908074789878424,0.0007946836226574439
0.8003542569420905,-0.042129129739171156
0.8798239040767356,0.03193279274209426
0.7085853285368586,0.009618653213243511
0.13826100301212302,0.01928138278854355
0.4888594304923658,0.018144101978231297
0.6504481890409612,0.02144429258692726
0.5365311561649488,0.1417866465698573
0.8952873001880814,-0.03033501895519708
0.09866494520199881,-0.11024208697294023
0.07504967483643114,-0.0811624103235519
0.6029923222066947,-0.37757701444586345
0.5879549948945655,0.1402774986773757
0.8749028122880991,0.06062310466347853
0.3506983655158388,0.03787681211306798
0.8137369625735078,-0.1581788315439634
0.3987958263077547,-0.051987383620299976
0.9067702804379614,0.08775244442084473
0.4619144754664415,-0.11876440901432167
0.9377354361805273,0.05606364770590333
0.08266438888036566,-0.10148819592548694
0.929979121201318,0.1378436794143546
0.6728033738384773,0.1516458426018814
0.7257345599988767,0.04781812092853943
0.097118960922856,-0.1058234828593356
0.3634673100028254,-0.0576020993165538
0.20384592630154735,0.07922454312814967
0.7874565289207462,0.09481504873199531
0.08559954773967474,-0.009591567286153471
0.5208032125634969,-0.16037798039058415
0.8526843961376698,-0.08325561358556144
0.4896939017466185,-0.08058281380107457
0.10600749324194444,-0.013676555545491895
0.5541411913012373,0.1862426949689603
0.22406458819532615,-0.1750789887781099
0.24763832494594318,-0.08668158441826376
0.7447472107139596,0.09054408306427164
0.37240212256668426,-0.05141105065825746
0.9163364261323763,0.08685852883945955
0.6455461609129676,-0.19884021525292217
0.13715281233109994,0.032029522357741286
0.21966143523670817,0.10977108428910543
0.059781694774883286,-0.08284093069025418
0.2449408416459784,0.02473916501002016
0.6884486730948677,-0.2204571850984116
0.9084971513738527,0.0028616123180178477
0.9177716976008076,0.012760163466385643
0.7033870608122335,0.09078367362642015
0.5439136676399796,-0.06626807602070006
0.14542074318070924,-0.004294220301713253
0.17017294795407212,-0.05035480199072048
0.1526853202185624,0.10346722273063522
0.28019096097401264,0.05291745346886878
0.08112685147956607,-0.10606730453102595
0.1923714385585099,0.12087201201043718
0.07550744395117648,-0.055522984650518754
0.3911326244500012,-0.04235469996398078
0.6731978163138175,0.04160418212714678
0.6172190838215917,-0.23701323406732683
0.32817369476238456,-0.017620687181163497
0.9457004200231296,0.01914122319445244
0.3581910644580262,-0.055223243512841635
0.2959835495976296,0.09666063714577505
0.3969345738836193,-0.003319313059635176
0.9009177729030227,0.02193654468452433
0.9265018873555924,0.029227171966128673
0.1618842315032666,0.03858527170709475
0.2938844133803625,-0.10729863854460339
0.12881710099149296,-0.06066145565174916
0.7599533624648889,0.03402873420712149
0.18164275737452834,-0.02142592962884249
0.8889284013438836,0.06403169606697867
0.10298822347886925,-0.06978226652607192
0.12256689815455385,-0.1030252784742175
0.12096024655761314,-0.020087071191032882
0.9523710078762011,0.0624237193199072
0.8343671338913299,-0.08987753050377822
0.1057990423376477,-0.08629993964530701
0.411472190816323,-0.17951919754521034
0.7914501931361432,-0.04836084324278933
0.5530391066378177,0.14009786230441357
0.15244355858374753,0.08042916776754694
0.4561739335843288,-0.024358616195447602
0.1930060189424091,0.09014340270720586
0.13909006362578918,-0.048235620152520156
0.5346306283647021,0.001277390991489158
0.13104019282227486,-0.03401352528799115
0.2552546755019407,0.060461381185766105
0.7678523857733268,-0.10911079260892498
0.5527600991531654,-0.04199056867670137
0.14156462331146394,-0.01891401252090147
0.1686791105732,0.05735821995430715
0.8406158618982635,-0.16562308214982313
0.7846875013738781,0.01050802505610593
0.13367665546685892,-0.0008732827991160264
0.8062043688502749,-0.011374135453136591
0.30213992448763727,0.0923028916541076
0.8633716124749693,0.03708529839049024
0.5391681165514053,0.13848488947106607
0.08460490615543158,-0.013519029589962345
0.30270061905092804,0.07502319445027528
0.7009335803448835,-0.021416893112723323
0.8261085558002363,0.08169456483228421
0.31076714796419225,0.040087469470407144
0.1252627878519046,-0.049726355248262966
0.18721149708795534,0.06605097345447514
0.4952147353093502,-0.06652181378986899
0.8545379368565704,-0.10470157303368521
0.5391798416906934,0.22819503151065945
0.3786143598626621,-0.0352003102162346
0.6405484255878031,-0.17377671068352463
0.0655199746586471,-0.05490748379675761
0.09263101960411443,-0.09614114472884389
0.17765799036714774,0.03526422125286546
0.7148957862731113,-0.08801853373124302
0.71805874688705,0.08826228346983966
0.10075197058467941,-0.14032959068717804
0.213618186995014,0.10791551646515618
0.3851643338895766,-0.18286529479485197
0.48384923358618226,-0.01989750822665287
0.6644141633864036,0.0814878860226852
0.8943952308172827,0.048617241000105005
0.33483212534325635,0.15748714096819
0.4602802535217271,-0.00338629080429359
0.4642724793349694,0.019347210962571915
0.7811080970084928,0.011284382684283
0.6157888795299689,0.0356733849373182
0.08977359524459043,-0.03625784832059545
0.12235884241022596,-0.08143076555415134
0.3299380670366347,-0.014923129404056046
0.6161266391334546,-0.03635195397186042
0.6066681738046078,0.2005795231158075
0.1371524249308059,0.006806177853097395
0.4074833456001598,0.0017599589272178084
0.7902531970815108,-0.0012314817753940055
0.3239746560528294,0.17603898443270033
0.5444670928388833,-0.25058436138033885
0.17628906491191088,-0.005052152816635375
0.5004585916963977,0.08715896510437371
0.9508557251828997,0.077032671717423
0.028274432324221877,-0.047679542496102754
0.790953239279039,0.04507211938907174
0.1806214663648958,0.02772770588881865
0.5945521823923134,0.10494141426887993
0.9261846580222763,0.04144001764367378
0.7117921378096957,0.06509357012927919
0.6171381389137787,0.061980111407574534
0.18821954529543403,0.08663615189114576
0.4979379030909587,0.07236525472928068
0.9111692424412376,0.1756499043694748
0.18788855631933393,0.16934405485363369
0.8770243032150566,0.04854037431341396
0.9738081965727479,0.04980879503148217
0.5514309128739414,0.217481259627735
0.4394040850633955,0.009585290717000983
0.17190344273740515,-0.03413293481480151
0.14544987978531887,-0.06959220167013072
0.12228160143206279,0.056323926454976414
0.9398920395524646,0.06474718621399889
0.6014717863129785,-0.3468654064084668
0.08981120141774376,-0.05097223217427811
0.9443679152300605,0.044221341286231786
0.43176557832818646,-0.014182821634184939
0.8060530614280454,0.08699063289637421
0.7963628985197742,-0.13246126617761467
0.8315357070606784,0.0018019877755314218
0.09844553264670136,-0.07408893520250792
0.9073371414375,0.05970957359307849
0.07474513017674062,-0.12214509321173483
0.37967814461295546,-0.052528531235362275
0.8378541614067401,0.14791801481482303
0.09539824517412623,-0.09702456411036568
0.520898268031534,-0.09739246883500313
0.5861497107547369,-0.08970912627342409
0.09040317754098252,-0.05612657824857084
0.715366073173672,-0.023499831115424752
0.19716805879520752,0.11063383349274353
0.8298256663032617,-0.2164372866256542
0.7799943505591523,0.023588740600421376
0.7969318883366788,-0.1689791169271062
0.5316279778920361,-0.031814644725571495
0.9180225742215276,0.03939652688391204
0.5207650202741437,-0.004336329652823379
0.5515666426418713,0.19255747818916857
0.9020741910302026,0.09637755762803224
0.5394289404988984,0.16264252083315456
0.48606775399857066,-0.04597107178343729
0.1274825584555936,0.002341946296944619
0.2229429748020091,0.09062820004652306
0.9001680298006511,0.017403062851424234
0.07345763422947998,-0.11836500807798156
0.1399689828329445,-0.027950959409642012
0.613831201026528,-0.019915145973982584
0.2286869039368234,-0.2561858196593122
0.743702288299045,-0.06682718628795736
0.8373274939459213,0.0011329923474090453
0.6003500676591297,0.21956434973857797
0.9273919950647891,0.12591812823687787
0.35206265756206423,0.12624934332999999
0.8865265882426983,0.11678779848704435
0.5912182457252785,-0.060906861820927416
0.2139742943601717,0.14451744615175516
0.944321424486519,0.08241897964930756
0.5020983785166228,-0.037180072114093354
0.634058833332299,-0.18170964675855883
0.19960331133406056,-0.02493874805369592
0.12587765328590061,-0.06607349768273063
0.577037699940965,-0.09786306237545539
0.3141804622832405,0.09276610359022364
0.271817471553769,-0.05751521195990583
0.10894851762416652,1.619017844776971e-05
0.17113360170332326,-0.17454595558230612
0.08734025920941813,0.0013569020333763504
0.877657347152337,-0.008138312439710749
0.40464834513225395,-0.1299103271572145
0.1295627467590553,-0.2104556634509598
0.5909263361343235,0.12495026366879358
0.07698477222869894,-0.12285841674903827
0.11307216486609878,-0.08657534318612214
0.8483402724035709,0.03971791167420724
0.7903970260226918,-0.04643587692495321
0.18955049283033784,-0.011952750549193703
0.276033459815851,0.18615415436719085
0.14739036208424577,0.07522719395227448
0.7497126163932112,-0.005326687913650874
0.5913517359860996,0.03398964483902056
0.6791053037521122,-0.3021080055481439
0.7309058071446708,0.15990562464242997
0.27894559393073487,-0.051013173863383776
0.22447094446914412,-0.1307612632414298
0.6467699914811991,-0.05517603762170842
0.9292601280442551,0.07002423863245544
0.17705556749399023,0.048272550088078126
0.24191520894761215,0.14304992129793426
0.06828007959763656,-0.10974177492776613
0.7122107094198988,-0.06604803687919658
0.8995224752298516,0.07287357613871925
0.8307939517009049,-0.14402609119657894
0.36653865648306844,-0.17167214010164267
0.20064399066863092,0.0345655465781218
0.34196814632030287,0.30496441792670803
0.880469006705232,0.03445061526288096
0.11117868282184067,-0.04504522367745514
0.08809982666889796,-0.10804002623717052
0.19583683216861178,0.12221000600439885
0.1851064766737483,0.09827901031427821
0.203116878562985,-0.041784316909674574
0.9506140777797926,0.05649372524647478
0.7069179911753197,0.05182049658708965
0.8679011272354205,0.059713325294510344
0.09717033257518877,-0.15386659998824856
0.49955192682732363,-0.024938991117691656
0.5400821853277054,-0.07815939414561479
0.5158112626404118,0.1758743487061165
0.09915421125339934,-0.1278819597354041
0.6051245117526276,0.1894667912207092
0.7435728140103236,0.11015864758241478
0.4453073436224902,-0.049418390948684165
0.8428259365170039,0.015210960787303551
0.24284207964594146,-0.01596998880992373
0.5757344375456979,0.0298597833326677
0.09972372551889855,-0.1673840006166371
0.48351846628437506,-0.10471120490530994
0.870854439549581,0.07493782483127875
0.9206072983644914,0.08818811128586757
0.19745985821218248,0.0024893215364407972
0.2243873162174208,0.07808211110114716
0.1498984239900218,0.03101587144615381
0.7587718734608593,-0.16151206305295174
0.9211475747465993,0.013854006457309831
0.8963292403098864,0.13436475655971425
0.903924171275035,0.04582799304750662
0.4848731614360102,-0.05452039694609473
0.8613589066783787,0.24943440328443067
0.6933764266619027,0.08497596733747725
0.5567888032521919,0.18969816190523237
0.8720791817753224,-0.02981402853156956
0.20127076372408254,0.053494343457686555
0.6991684025963273,0.0395374668518953
0.4756511841915338,0.049443442563670614
0.8395333662368023,0.03442652518295508
0.7655510378350731,0.03868211755552209
0.9287617421292098,0.026189847020870793
0.3406673907273098,0.01119236926895062
0.16501483041148016,0.06392421758374828
0.13034223787802066,-0.012642547034867502
0.832414637602529,-0.05177293102510572
0.36228850020807224,0.006467571533545657
0.09825148968511714,-0.0812549931086323
0.5245496519074984,0.316668070885767
0.2924338580709839,-0.07695591419097908
0.8782369181353815,-0.026665034922169206
0.6579424057533219,-0.15445186413727718
0.5680841379316118,-0.1602944984135098
0.2494805640469213,0.05978546271527202
0.541334752390223,-0.20428811679395592
0.06361361324680923,-0.09805322230074646
0.18897845461802976,0.09305797248755487
0.37930960319681284,-0.1219665236822105
0.22109486027496295,0.0742048594144431
0.8935573772275278,-0.01130340979817912
0.8201405012697272,-0.0723279309093372
0.44712511618599005,-0.2121458466914355
0.11647156237227206,-0.04195087435518732
0.5631710107066561,-0.04456893306209053
0.5626694599446791,-0.0031816880589451424
0.7572944400163464,-0.0586611752804177
0.08360180558637531,-0.11923333402721581
0.07434191054180321,-0.1365416299089778
0.864681703924824,0.0928244254582905
0.16475702683878382,-0.07187715449427684
0.09005033926807002,-0.033906386163986627
0.26170832020473983,0.05506852472687773
0.5367498889569883,-0.048636814951013685
0.11432536837406455,0.03160113388195632
0.7673998968649907,0.1084302458860481
0.3368663001937333,-0.048412122551071024
0.6323744410760368,0.16604311356686852
0.9247447124893968,0.00882944897323934
0.889746943838308,-0.020739118800739975
0.5564496759020618,-0.050758790285719946
0.5591575435436502,0.07951198650136282
0.8200143620656066,-0.0954741149572268
0.8829917249731358,0.20914589119993388
0.36185857405794963,-0.00792825717661172
0.8412910974169014,0.07598071816449137
0.12317964594988969,-0.04095026529969878
0.36768020723709677,0.24730858275193401
0.5172357401971008,0.27626374199469594
0.09904410989125399,-0.057898142913185985
0.37165352065287827,0.05483494915411469
0.18455648803215724,-0.041629426012406684
0.8662598918451012,0.0757481238391281
0.14998256517862724,0.020571755437363115
0.24096557930470358,0.026841649122255062
0.8441274590702762,0.04727813152708804
0.13740710814932228,-0.07564297516864057
0.626468823885413,0.06307229704755957
0.936752838458518,0.10842427127738741
0.601810795126948,0.0964088083477681
0.27751644223583194,-0.03594317496513416
0.4077622863222432,-0.12647533961747653
0.17980938856975337,0.20213384340556662
0.4964371568502414,-0.15832550395698786
0.7307889264621296,0.04313131209173959
0.38672378391917556,-0.11836457787164034
0.09145686374014293,-0.10484298376429727
0.7762024706932327,-0.006223379307504384
0.811355611583414,0.05211047510469402
0.9187862537282727,0.06129138906360099
0.6503530746725708,0.06795406461308573
0.6627764827318914,0.13360514766135367
0.9145451050089486,0.06938132863972346
0.899399256898145,0.08431978264089468
0.27226157686385055,-0.07455524402315333
0.33989510484399243,-0.04915236338254125
0.8765224860132497,-0.027122249996510805
0.2814958562759496,-0.058189298648052
0.30349376045200727,-0.09488011911444866
0.9243005157425269,0.0913246156601637
0.6269661466189957,0.05416613418037419
0.6122942411796621,0.023746936300669375
0.8223421785482077,0.17039207880662033
0.928228167353452,0.05241184961474088
0.4442502387776939,0.03220691848098589
0.7162489471985185,0.024317776789920198
0.32523460222020584,-0.08321599100560279
0.16406009312821346,0.017817690300006045
0.5626415098313933,-0.07142005669982343
0.42392856773099463,-0.1402527511842815
0.755624019772626,0.05539934569759586
0.8943587224323681,0.007363732782826982
0.6397139055670786,-0.06172616816729526
0.49207876063906275,-0.03852109238459428
0.20216096853440435,0.031594364150870496
0.12101996975755056,-0.011895367749226907
0.8630762579257425,0.029131508313643306
0.6153073167708557,0.02790281293929442
0.8347504357454016,-0.03953106801572759
0.41566330905832705,0.11053015224293589
0.14258634218083815,0.05351674394820127
0.8417764302844338,-0.029712200809611344
0.7624826787928868,-0.02500312347806921
0.8659440634787995,-0.10242121256571646
0.7443508242738699,-0.027797513172536092
0.21270670322474525,0.002511418420010514
0.1939627539518148,-0.07213803899235122
0.18888774971627928,-0.038089683444028355
0.5902437451996978,-0.0442418091458926
0.9096428812423467,0.012356293376111993
0.9230352825079209,0.13323632600979918
0.6086293072311966,-0.07969935520313409
0.1923514697802624,0.0361864157224816
0.2104746250488363,0.01922258698503221
0.1748234850000699,-0.08184792164338439
0.11118590812253411,0.04551580509280076
0.786527736388055,0.013676014348680599
0.09782193446954021,0.03985668410460015
0.36208069065935533,0.02777361352696256
0.39371788042150135,-0.016508588445937722
0.6727873879103957,0.08287588704210491
0.5584382592485628,0.07408491350139801
0.44582213069487964,0.05802204421141455
0.7074120091569882,-0.04707252042045951
0.8914053531304709,-0.00047360026524234655
0.21035471794596103,0.04376483435612494
0.10105445363693304,-0.04234088701858388
0.6456943127531493,0.04179226816071746
0.21462331377182103,-0.08421895578079028
0.41086198334866597,-0.18796858300817348
0.35104500607340294,-0.34352518408122146
0.6698214954775017,0.0010495079838118704
0.2487485273073149,0.06815040377577786
0.8454710734632862,0.05107078805511245
0.7872151291850722,-0.05073806514670143
0.8525770371216992,-0.09660087723365252
0.13876475169673058,-0.17277101130456737
0.3492983193233681,0.13530920168460847
0.14536584784801354,-0.058479013637392704
0.9012056308487635,0.05308252920698742
0.12375708596284818,-0.04331557598957157
0.891376888093059,0.006850074403891515
0.20678656964414155,0.012232714273787276
0.15588680548962824,0.08119685736292351
0.17670216376958953,0.052812352088663334
0.5136985129501282,-0.3182957278915525
0.49171504888646733,-0.02258114986195303
0.8850023069321216,0.03117762373667954
0.9391639791091086,0.10915111743605166
0.9056382425398465,0.1003902450741998
0.3451951887226036,-0.08564439495088044
0.9559754495976119,0.046204162668734616
0.1878225085874797,-0.00013780042719818697
0.19726879102643452,0.09097032154910015
0.42824056565530244,-0.07225215793118589
0.29379199960914437,-0.036223431049045185
0.8061207857682133,-0.0003902262541007895
0.1904670316043955,-0.007980521904734389
0.14279615074008767,-0.015663580306171127
0.9343659303716054,0.0853103443247537
0.2114987884270216,0.11760233130198022
0.6911743231611971,-0.20743549903283043
0.8722065098753243,0.10804057273679368
0.20698227020667598,0.07873997156951043
0.47985928037769787,-0.1379691604970456
0.5381024742368699,-0.061148948620986854
0.6715744315917698,-0.3570032955536432
0.7270123096743915,0.07259137082888556
0.919479927160174,0.04109756298428846
0.15205192958385783,0.033666976194998366
0.46253705476802653,-0.17191790630257003
0.738446253926037,0.007041490853782917
0.2641666427413307,-0.0367655366341903
0.9575696217618936,0.0345573877498615
0.11256136735727257,0.011169478107489472
0.4934372856919902,-0.07660616344115395
0.4534658295459958,-0.07636539090724553
0.8384060229135559,0.17228948380013442
0.8116639254994658,-0.052866339980072286
0.1808314839127512,0.004690631056398387
0.747481913379812,-0.08956628836793956
0.12480195030159565,0.007503974727527535
0.8571123373788585,0.010077693518398156
0.8444426714956224,0.02145386925925019
0.20655336350988615,0.0376644605555389
0.5478435427372974,-0.05886942735804668
0.17144733229641487,0.011967650241938632
0.5106298187354572,0.17959532320089477
0.3325665242422868,-0.18026573519920333
0.5563402371927444,-0.037570675745736914
0.8771497194499733,0.050258792346907
0.16535560271170646,-0.11057330208963333
0.11369937689138476,-0.04886907277438991
0.5234355605811696,-0.016384188896254703
0.06418317987605508,-0.10279669495255597
0.16002316122804072,0.026145326009471948
0.8642565072781607,0.08937228942051834
0.6171830729747768,-0.08935812391738973
0.12037175557885776,0.03648080750056526
0.6023601030999612,-0.1874108839642621
0.21478927408883583,0.12602595041651748
0.6930113630654229,-0.2052791918989394
0.9212657284168879,0.13006247509091695
0.13467728150791922,-0.04054408166990682
0.4327192380598216,-0.17837761351048376
0.2916887882025182,-0.2919484013972402
0.5200909963893401,-0.02281940149317052
0.13077888234149015,-0.04364331873872687
0.12628192366924332,-0.10643120285339264
0.16734354414554858,0.04949003891174841
0.7513938392396141,-0.07972350812050322
0.12569872453015357,-0.09558714600004135
0.6834631256620334,-0.1823512926975398
0.5745392789489396,0.008366058279348998
0.884729833541545,-0.028587398651773177
0.15713619702793286,-0.028163651352383162
0.5767263610842763,-0.13381913509310517
0.4752864600163774,-0.1718039987599697
0.17240664302828995,-0.0010564339255673127
0.17957151783127367,0.01500176097191927
0.8269571386323037,-0.188574846079814
0.7185955144458787,-0.012232522667690926
0.0894118538907705,-0.1426794546024922
0.5955853927793573,0.08463558925439318
0.6026041528087223,-0.03480505535972833
0.9234424558140191,0.018858616919786186
0.42713090011142596,0.12621967452094757
0.08915790061009593,-0.11928208391164408
0.19287228842353962,0.027597700750353782
0.18696877306875914,-0.0746316622460419
0.5395866736772941,-0.15349982082778502
0.36851261938888863,-0.0025296432717832884
0.19316223929078802,-0.04886137108501942
0.18599112521288608,-0.09089925506357718
0.8201511880169537,0.055965499164705834
0.07151339871930096,-0.11241886172201211
0.1520413822934646,-0.16996000865983596
0.22605913373212444,0.02855344598254414
0.5256921386578954,0.01766211506908677
0.448370434822449,0.01743872559429982
0.8550296912673914,-0.014633319758613261
0.8517627078971584,-0.04538954125219219
0.5092110548147204,-0.014036910985183337
0.937485955493498,0.061636134657955366
0.4241619587287142,0.4976083696573643
0.3483772637976017,-0.11801849553330618
0.422734394323188,-0.19174096057542578
0.8812884420943625,-0.08845680340282758
0.9120588660948808,0.02916724696026951
0.6259177200099248,0.057843778948072244
0.7949391118448019,-0.027554370609712553
0.8174645842607691,-0.10583902567707026
0.8797460522544791,0.004208748796067696
0.338328466709095,-0.01964112938317114
0.8842706663622817,-0.018148902413375967
0.8952399105475937,0.003389281162936353
0.24909095347899002,0.09685027362858856
0.7011173123532672,0.017298172794608213
0.39180232652154523,-0.07428189976757849
0.739558222131488,0.011120562228674413
0.7616862315827984,0.038793257652596114
0.07684781041448424,-0.11429583258022648
0.590648735822138,0.04819505465208851
0.10380544572195173,-0.08290158094722508
0.06524033453200428,-0.07054216452173057
0.8028564845458741,-0.06482903263249484
0.6078351858792517,0.13687350820259514
0.39711593692161473,0.14327965388015573
0.36104349580543826,0.09198376113449708
0.813335755515274,-0.1631656109329528
0.35975724388945457,-0.056749702894918985
0.3952193450300848,-0.14524843466898685
0.050159298522688106,-0.062266884955928414
0.7873761842102358,-0.03440495541680866
0.8126627274239013,-0.12129520021201179
0.1581398970087312,0.02721204880872219
0.5918099184765722,0.11976824202821745
0.5917524002767083,0.025373916382884443
0.4964070178141532,-0.0760011956949358
0.8065149708580108,-0.019939914546185267
0.48353143784030733,0.03414492314307804
0.8039784185719906,0.0002789005900261099
0.05631190167067073,-0.09793988612894967
0.8537103020253822,-0.02573130863844464
0.8210607571236979,-0.09869770152714052
0.6710332560150711,0.027492747229116876
0.8958042082455253,0.13497146313716868
0.7834305492363368,-0.12141590767661836
0.23197638346067534,-0.0461224446036127
0.49879770106009647,0.2696405972228846
0.8732225067739678,-0.01084701869388549
0.507580814087164,0.02472537224247373
0.8516916956303207,-0.007830793500406052
0.16501944487981351,-0.07274211991444524
0.8882968523614114,-0.0028935475125898558
0.20200191641847437,0.0935092907150615
0.5495717295765599,0.05042262251371554
0.14625196329020534,0.018967363660793962
0.5895665930484064,0.008118400330211384
0.47306335117776954,0.017762783097421464
0.09355095775299752,-0.10958351192129684
0.5572441637733989,-0.06950846906117325
0.21741793790967576,0.14778428752246126
0.1290046222144346,-0.007406692279581156
0.2038835233141507,0.14917691463023924
0.8299871760959852,0.013185993503615934
0.30613137959450853,-0.015265967865578878
0.4085716211847903,-0.03083493231685125
0.16642914876421633,0.017036620082067327
0.46342343562571214,0.1748326514905295
0.5193881809814849,-0.16886309383231835
0.23913941324467727,0.09073786021700042
0.4508852673961406,-0.13705426188435454
0.4407334092323042,-0.03888981281438336
0.4490214137108412,0.03139826613094143
0.5708134172933018,-0.14629662065173865
0.5549676974819706,-0.10577452973393486
0.9304189932433677,0.11271684409934535
0.8281715483324614,-0.07856476885936903
0.8195935562481718,-0.07147572930053148
0.4363194378220767,-0.0333389099431573
0.46278973097494,0.18233177413326007
0.859544128261519,0.08788317458334094
0.8037123271777185,-0.0609669309945996
0.5859984065303097,-0.1117708871346933
0.2273454571591329,0.06808702246874798
0.2339550978213416,-0.08395264024141103
0.8471083718373842,0.03363968488265412
0.8557016925166339,-0.09650157369170775
0.11257282298866612,-0.08769904768340384
0.8839623141461234,0.012102208172007467
0.5354951466065816,-0.10308435659762794
0.6292608667498658,-0.03230947472933332
0.8170715382378408,-0.18296352810042915
0.834478196359816,-0.0464489522434417
0.5331140096965556,-0.2896874078148356
0.088366136665327,-0.13803276277545562
0.8413966654100731,-0.030981588689741657
0.3876270797525905,-0.21405777401227505
0.7816736919600309,-0.07853956561912279
0.13789102016554936,0.023329070780012284
0.6427844238802255,0.11596383105207697
0.8248509587018189,0.0820306184229248
0.636140374672564,0.09826618101627071
0.8734832756194517,0.10781390517414524
0.16800217444122767,-0.10981744300482796
0.8975978798724957,-0.010290800122867427
0.4637499074926437,-0.3164598503131745
0.4742629185370679,-0.3188346117631444
0.7536984904517529,-0.07295103392803726
0.3683775305092305,-0.13095272792578339
0.07451440242702258,-0.08282943372379756
0.44366024205412163,-0.22991994481631728
0.46211587728123593,-0.16858805535116345
0.7472667351747171,0.0009993822146684428
0.8138658480985826,-0.020971759727822503
0.5056463030233014,0.2514033014086938
0.9055389748389087,0.09586012092720686
0.7999594273007697,-0.142039763562523
0.33037450970864823,-0.06692135211514372
0.342985730728422,-0.12379673846381034
0.5841748949039098,0.22717021627190048
0.8633344804988154,-0.04300200228972273
0.12998730100554357,-0.05715179130708914
0.861222265594701,-0.09795117689470445
0.8673404407730319,0.037646045730634126
0.07108062875085908,-0.08340025699508515
0.09814622053068839,-0.1642844269958742
0.8434070527081388,0.010335838700273992
0.24292363735325406,-0.12119646842703677
0.20982486726944619,-0.028947219806810753
0.19444095132294886,0.016503821562600024
0.3199173946818834,-0.15445414391336326
0.600210114532477,0.15113171778870893
0.0825606038308005,-0.1232830186414996
0.6705148542566522,-0.11394994961352656
0.810690077897551,-0.022296840435977128
0.9261292113206443,0.04223487642241641
0.40006333867584515,-0.19383239190032386
0.08880393154966126,-0.060234890430226125
0.14678572376088025,0.05660884597928767
0.9095539976861129,0.11884461436789229
0.6107052980667521,-0.23114315295096843
0.13871189635242384,-0.05386987961837926
0.49393069335712786,0.10128264802483311
0.08937772936014328,-0.12070063101474457
0.649679024252982,-0.008671007089434024
0.9225095463926128,0.002575626598702252
0.7497902212126588,-0.08646339226096156
0.1429339652022578,-0.12243366146865338
0.8822534525057103,0.133532254628425
0.22856359365409268,0.03909641867529659
0.08458583601667859,-0.00021796329112097612
0.716063751213485,0.044129875168669175
0.18825841435989776,-0.012640406902610507
0.6742232857283392,0.011878454314954712
0.4644391458735357,0.4269715391607066
0.12320591826490138,-0.06820725760357434
0.29657562108169444,0.05464121761581203
0.4317997834105667,-0.061115713711703545
0.10003565576256337,-0.13170638031599874
0.5825790156165336,0.028954742201084738
0.3962845179099054,-0.02286106891270273
0.8147010162923554,-0.15431774547620236
0.7796119073034611,-0.13118608415101252
0.7246762598305838,0.019228236824253564
0.07824289656297148,-0.08841400133339998
0.6290565878024882,0.12125757334057208
0.47673782868825104,-0.0067521897228021155
0.49568373566588303,0.24250484716337006
0.6812900938856636,-0.15753328039883874
0.9339965050790104,0.040339721316773436
0.5101001911060936,-0.06293009664676058
0.3844910479840328,-0.005029337156476743
0.22010852421887847,0.10123089006678526
0.5801923755517134,0.2090684540491361
0.7862234371179142,-0.08976680889252864
0.15048811882904722,0.08937831819398315
0.7081466543104744,-0.22653610956142423
0.21677374869218247,0.0786911255047873
0.8718957739462092,0.14974936592372956
0.7227356810588681,-0.07148723220446829
0.5819540375208134,-0.2481767428447258
0.63731292925803,-0.06014577463213333
0.6160603529937088,-0.11184887752393513
0.16532732527512403,0.024044900756241716
0.5522463451447237,-0.1269521453733944
0.6011256429841154,-0.1065695577283633
0.8565533437555113,-0.06298643783230029
0.4731432494631014,-0.028383255578954658
0.14336421589510823,-0.18528560796465107
0.12553944633559433,0.04238719137819699
0.16657581987320574,0.06300217037080114
0.5514103884480496,-0.25863919357814397
0.202112955955904,-0.11554584282986066
0.08256699056570457,-0.06031271991839554
0.4885673022082607,-0.0425628233331124
0.3737368287509773,0.013323545826692151
0.7252255910082825,-0.051325394025610316
0.18213889294784152,0.11682655501208475
0.09061795261513919,-0.148554061114555
0.12055415672646097,-0.03632293616560833
0.3021166009845518,-0.0077397856827213785
0.08383711334267142,-0.06638661213320726
0.5832978035845635,-0.06974873029425199
0.08881404959436269,-0.06169225348480519
0.8870024236580942,-0.016072958202915433
0.10700677601830952,-0.05448373619046225
0.7170687744293585,-0.06138971859733777
0.6045451598381684,0.11672994236463008
0.8768677031541587,0.07590900173678417
0.8276795028963941,-0.17773737920934796
0.19239969101787202,-0.017894843275535255
0.8412683365327533,-0.052560139182723176
0.6464347605538976,-0.08859591392028099
0.22391736375414106,0.0343864533726925
0.8137525984821787,0.024316682254884814
0.5322100329198396,-0.26583901886185884
0.8063897215016996,-0.02770047929121744
0.44766093970640736,-0.07458766934664574
0.4856371200650451,0.08081756364693593
0.8169826993411524,-0.13382122336511937
0.442458971409146,-0.002672584716192916
0.0840722692440895,-0.026610941205233787
0.8883126203522584,0.009927357098559964
0.43618275092693115,-0.05090871718223994
0.10773606700334862,-0.11566185747317642
0.8138953876974779,0.015622820950070504
0.8429371382027535,0.018196039444142387
0.5216686962223089,-0.37252779043196893
0.12054964968982405,-0.06182056527489291
0.8550892989182577,-0.01274480018136781
0.19536105262253706,0.07866022918649565
0.19135439014479824,-0.015900321482711866
0.10098559935185196,-0.10388070783430572
0.0751800168057264,0.00017581949630998683
0.06813337044350223,-0.09877979484335747
0.26227923751052196,0.09294374823919876
0.4129771366794135,0.13319380582953017
0.24969319046727378,0.10694191935045638
0.5561752554474111,-0.0438792235259543
0.13440572648058832,-0.05493519844987986
0.8556116984536439,-0.04246958767370568
0.2379144145312595,-0.03454565738386162
0.08747738800091427,-0.13654368715201057
0.15179601311212945,0.008191138496521477
0.2163356966971819,-0.08321473455439718
0.07648898340249753,-0.13558719203899908
0.8352078855442568,-0.17611156693944052
0.9490912878668722,0.05611795666941333
0.8888762035641591,0.004383094841941215
0.18342812628915633,0.0033400112662857195
0.8946081704773334,0.1316358460739907
0.5592361300901418,-0.024678069409560188
0.3373510148303893,0.03988895936353748
0.9348207803815978,0.09916402742274155
0.6629028937063529,-0.05475127282899339
0.05831754697097745,-0.061507185444565494
0.2599205616889193,-0.010998498642882826
0.5058780554039064,-0.05026681361540497
0.18122350360064898,-0.04738770554246119
0.5040684242654729,-0.025244255938353444
0.6034797900923976,-0.05973365425886934
0.7677444256260302,0.10328150528953595
0.8651493014544865,-0.023742592006798402
0.5062576719864991,-0.129802666357202
0.46337948567162945,0.25172850144884973
0.08531389016224106,0.0790847764077417
0.8835789648571986,-0.1053628746908154
0.8613195120582522,0.21741443858336218
0.8244466609563283,0.06358429328716853
0.5424215047226169,-0.03472355034633123
0.8449757046947355,0.0497732058067073
0.6571339931962821,0.007432334994859069
0.7967936785471125,-0.12717286915546988
0.19453658606498953,0.024852493323674146
0.7292851259839095,0.0743594270013882
0.9074207245838186,0.04232960930099894
0.8457568106625197,-0.020114458089328324
0.09064430834233315,-0.029246283742198315
0.6497391628432417,0.09877828105452546
0.13580432576447066,-0.0438854983943833
0.8934792504873533,0.03894583904080773
0.7960756444971158,-0.09964596747549503
0.6131631541782003,-0.037571229828718966
0.05589405414539146,-0.08103199368561173
0.35021102748546484,0.048608309472272404
0.4448100462956283,-0.0858708351049714
0.9268234735783076,0.09623177171868802
0.4648275176533342,0.02550353603527561
0.835157453039467,0.08597779079115331
0.0735789718040952,-0.09644069635686699
0.15148493394336857,-0.04763234168128655
0.8275905404669529,-0.15599712646355512
0.19508935142750738,0.06471060969820022
0.3304629178439093,-0.10634818641453736
0.533727041480049,0.07020978450199866
0.0891378743037527,-0.14789618599713938
0.8580963744427361,-0.03826782431093878
0.12078561670781934,-0.06780098304745029
0.1945936623258612,-0.048130046716685804
0.8714149920814468,0.018925374482717805
0.08908726683002847,-0.09793134707724774
0.4193007350262521,-0.1235537528402571
0.5934272052853196,-0.13629515131137993
0.6172261344384873,0.0988512251758028
0.18089493214832691,-0.009802985196372876
0.15415017306909465,0.06126338243694113
0.6586039307364044,-0.1432232374651794
0.9486766651520256,0.08887914722147072
0.7676908207549055,0.018791999938766013
0.15962282350479806,0.026016394909605278
0.7285394110291092,-0.11651956279895925
0.8673454360885587,-0.12014463807678877
0.11091061809474878,-0.051212412539826765
0.4714464962681751,0.15501281027011482
0.39386626589386553,-0.13350660586180507
0.9073061391604327,0.026230940201358632
0.8061055965331172,-0.0520102129167368
0.5734763333677602,-0.03416629841340535
0.07318774463332516,-0.1284600078742341
0.8782389969619924,-0.018976884883083134
0.09458358162594964,-0.14078999412152907
0.48202307357858654,-0.207389924238701
0.8820146294556587,-0.019985442931944375
0.582887952655711,-0.08843218260972052
0.6137835182145457,-0.36154667588169953
0.898369616248009,-0.03628968004823252
0.9113872399915269,0.08355850994368619
0.2369130644828338,0.07112642002706898
0.08408636859093575,-0.1384315587871379
0.16933429812271972,-0.04413451602300844
0.15963421922480764,0.007396999231094131
0.4662379797615697,-0.1960479862852712
0.65488877919246,-0.007517158450101813
0.478219715521165,-0.04726988521133213
0.10205253696125555,-0.1231392972532549
0.5093678820335689,0.009835121672118197
0.44588384318625485,-0.10143869542528078
0.12650255556214457,-0.00585154304288614
0.8546234714679228,-0.04364197498712785
0.13515078536639938,-0.062030742327961755
0.50187393177135,-0.06771929763588891
0.11872288260798428,-0.04292482785501535
0.212129907673809,-0.421652700769478
0.1535992922826216,0.037268221863827194
0.5507443285256783,-0.14171379083987867
0.21522066120672018,0.06842121728992046
0.7120859513923845,-0.23244871889644425
0.10628525853546406,0.040008737452664866
0.5289327290822776,0.16925288978610675
0.17265002894171405,0.02341873383061746
0.8679798982043564,-0.14130780269712218
0.8388897624965802,0.04867181129381959
0.2819989056908493,0.08163875967729184
0.3467685883668377,0.049809278135958146
0.8923155692797591,-0.008844250921072772
0.14084092262978182,0.05005515582551215
0.5399837834456276,0.11096984998756854
0.8505964652736588,-0.07730679193345635
0.5863190413564086,0.06648721715800765
0.4782653382009694,0.06617693714031159
0.3949564689929732,-0.009665549887130975
0.5206874054434365,-0.12818776731442105
0.07473262396546372,-0.12746466702039702
0.7741063919946791,-0.12569175416524392
0.23311517112908542,-0.04080294622068045
0.33041422876461635,0.09203736608712454
0.6027734342822322,-0.02932094263853846
0.7883523327527029,-0.058764532721523044
0.44031214065931557,-0.05208022698596487
0.7054390034396132,0.0007777852453153544
0.7480843090827592,-0.051112051046822815
0.8583159562266216,0.1099438898397177
0.19910984434492704,0.08464227513089412
0.6543024735186191,0.05038546652271181
0.3843497844385132,-0.08350791298408816
0.055085763550118454,-0.0750900055640621
0.6066349675619105,-0.08875252199898176
0.4491413052524962,-0.2957802185126468
0.22023327616872493,0.16145133908633597
0.2969264479862369,-0.10659460377957083
0.38246059933146204,0.04611385899465015
0.8935642858162924,0.11763942635365432
0.27139334821047356,-0.04383232308741472
0.48283858544880137,-0.30698070034873515
0.7723831621135888,-0.042858702475703336
0.9477176876337003,0.047735494667424994
0.6226919273901907,0.06365501490611392
0.08395418201683699,-0.058482787513757975
0.7927714219406126,0.10609357172546352
0.33525929103531155,-0.1210405776850837
0.9097985692514075,0.09249819669983639
0.8302558704030434,0.02863789475200962
0.8946566062823319,0.042863026788906966
0.11791955549586176,-0.038323926546804915
0.6480622833186439,-0.154974113858928
0.9227496548590897,0.08927575033860158
0.5151654806184237,0.19292980957974293
0.498414386738469,-0.040746709845205564
0.47644223391559026,-0.06315919519372187
0.7227701418613781,0.1710175023506858
0.9202390440683326,0.025441672082893052
0.7147578625325676,0.07931173412885584
0.8932184156331822,0.013381277830085136
0.1885355945240364,0.07220415985800935
0.5426133880190442,-0.016046522225461435
0.07456953271798754,-0.07305758804932308
0.8795136869827033,0.033552181895399213
0.510892716220932,0.04711096916976931
0.17105311595062184,0.09329549357612468
0.5518422880613927,-0.07720216933009538
0.13759193656463808,-0.016111387061687577
0.35963789403565066,0.11559899211182867
0.2695533322799761,0.0950583492733158
0.8621242447432145,-0.028767147911337165
0.3833629082878314,0.20233980640567995
0.2927787268473901,-0.0032686662049695725
0.8740241363750083,0.17857417168342737
0.19944960200406886,0.07265413450435351
0.6508567607733117,0.02572279698302471
0.3322429306419252,-0.06942541457979695
0.08108702242782936,-0.15211960791724471
0.27766586042293007,-0.0023882846663774715
0.4816387206749717,-0.04379953733352826
0.5527583836322669,0.13052008128278325
0.818071125274354,-0.16334247921813771
0.9485057061967955,-0.003736363637903084
0.3357248421920317,-0.19003943276147497
0.9143350416646505,0.046919881150346066
0.5222177177925658,0.007277423194994914
0.5090534758315557,-0.11016176705637098
0.5923415743627028,0.029501979215518004
0.1904481955988267,0.0537295358624178
0.6266744695534858,0.015510909245521454
0.2782734075764697,-0.009566239599410553
0.09724043371980136,0.04656177883753668
0.6352206369316761,0.1373324195695289
0.6800824023430148,0.1264771654495792
0.7280331715623244,-0.01378181285069302
0.9681980586050152,0.03287779808008651
0.5795353686392168,0.04068816415068699
0.3146777240606137,0.06716789566913989
0.877881898240456,0.014228013666886197
0.8623254519942081,0.158467575359876
0.30518490621633154,0.06559647220744341
0.9349114451066827,0.08573475544774045
0.5396427912300557,0.17123427049035422
0.47444789971844614,0.30635677508386494
0.4772089117730373,-0.3072592032025826
0.24904281981392756,-0.08535496219785896
0.17015482882336536,-0.02243011395780728
0.08850607770805136,-0.06986238562813252
0.5723372912865223,-0.057211117652785304
0.21481205208621446,0.05424770084067229
0.1065616082366331,-0.07835103646595802
0.6772517851737399,-0.15340227052623867
0.1015913317958933,-0.08247295412214162
0.23302836276327715,0.06948750331471654
0.11895206419926656,-0.09275037351644491
0.4888626798828364,-0.12763336006007192
0.22414461361315535,0.05642418239408109
0.3764079180585558,0.005449884579025621
0.443694047193174,-0.02685846475671838
0.5844931895394325,-0.3228504071912766
0.8202912685264501,0.10262713372495824
0.9125165034853024,0.16959136516304874
0.8843222723203081,0.04990527347667584
0.5477237627469047,0.2184171528741804
0.8500498626476679,0.07007255034568982
0.7672188975980654,0.20572771600301565
0.9315389954514821,0.12578355540186548
0.8253889940740078,-0.1587814763066352
0.0779157823392331,-0.0869527119261862
0.4585892693007434,-0.1919822423051905
0.5523423862558305,0.1479378366672396
0.19389467462228777,0.12289408891056064
0.8573558470298911,-0.05941245144803031
0.44650438979065005,0.05109555631469853
0.874274007601362,0.0013067565815082505
0.47468159220660167,-0.20483355478357396
0.30493782792578294,-0.3289487593553433
0.8649188114233114,0.05629643460657152
0.8483890516897886,-0.020928576918274322
0.9100448803076464,0.12076109965032711
0.9073426990461323,0.015120917310709414
0.07147459068697236,-0.10357469064391571
0.5251618403219784,-0.06714515327938303
0.573428666912484,0.050748062775468394
0.108726112405199,-0.10741558996888362
0.8520085359933878,0.22053220775185123
0.5293469021949001,-0.20384331738296596
0.5560483388033401,-0.09967504900159618
0.8457579483261038,-0.04084911551667658
0.6306050118224884,-0.16176909279484242
0.7850085458707049,-0.00373447705284069
0.3856730515679848,-0.018329847868058746
0.44601178508518396,0.006093151202167246
0.6409346104365794,0.02439289106969189
0.16114929309299875,-0.059020012799674504
0.19066726374166088,0.09321604584727441
0.6259810284755988,-0.07557762543710811
0.10514645357025187,0.02010800101543507
0.4555766823159225,0.08360790059299616
0.4143940515717406,0.15019506363084695
0.7621418330163202,-0.05503461895576289
0.7901889855371513,0.16587320461006927
0.3463574519815853,0.018494580400548577
0.6157730004531718,0.14368231720578206
0.8802696816571194,0.0733570560708916
0.5637141194093247,0.14487553162336742
0.6028434430387828,-0.13360540174897262
0.1514799335148459,0.022011347322965752
0.12029286799723851,-0.032450177711348796
0.2232691643674095,0.08326929768699798
0.08786847436264625,-0.021816969040324888
0.47464212359964486,-0.04884839888454201
0.6056865959986117,-0.07807459242660475
0.32828113306264467,-0.24698245786228998
0.9190122709359116,0.026838824289120655
0.26915111463948516,0.0523431464370972
0.11104911504469314,-0.031361879144469904
0.0927597515664782,-0.11778701685224259
0.6735290597653862,0.012265743966197395
0.6673095926207502,0.08880104711894166
0.8922511724252232,0.08575482917204069
0.3482400783855423,0.062425913206478834
0.4680567965327118,-0.05187130264075307
0.795351794563091,0.008257848426414083
0.7112632709127076,-0.07968383682143554
0.6671258802555609,-0.000540615053453597
0.8112123908015769,0.059705436510380516
0.8423787815968108,-0.0033020052115297904
0.9323389148448723,-0.05064912324452053
0.054370461650057246,-0.07936464498964228
0.32881863560681196,0.044293495941254535
0.518828625727168,-0.12061263074781242
0.20829378026475875,0.0037401906202310375
0.85629535627528,-0.06771669959696214
0.5361776707578588,0.02653725107687488
0.6172303543935937,0.015323040177568248
0.45373040848530755,-0.1819323219148829
0.5984935626211705,-0.05793729129971237
0.49562307453927384,-0.1176701335752609
0.8265186280642524,-0.1470923958948107
0.6567891395366466,0.07060590511089093
0.21404562913768663,-0.11786702228798124
0.785791482818486,-0.024813003753897056
0.8305446142677169,-0.058973384951809926
0.5331728986250475,-0.03210033350246855
0.915931144982713,0.1114626718166224
0.14716045938322814,-0.013679943831962887
0.4153545611537375,-0.11815801989299507
0.28013374007882375,-0.04271206066724259
0.9397248949362305,0.09186953817873522
0.19260502639575822,0.08456562525359834
0.31402919307362054,-0.2132274386284547
0.8880457443689769,0.12174156560410354
0.9430405909273378,0.026771150917480946
0.375122349508774,0.01435174752905305
0.34595670078012547,0.013039862589303675
0.6695436573015234,0.04833013534279307
0.1821200372198628,0.055251026435575196
0.6284985442044744,0.027359227157117694
0.6700604549054747,-0.025257946847986212
0.17223748415769802,-0.0024499922978546695
0.676357406006628,0.060658013078319306
0.10751022590048412,-0.08846988890871804
0.5072091850729693,-0.07622527418694708
0.5563645984025256,-0.02798056099981938
0.1168467676553961,0.05082638083176541
0.1036235813683925,0.04660163310898502
0.8261961520030181,-0.11941608184296282
0.655363519465042,-0.09086950724301157
0.831856939899514,0.07427758715071264
0.6006889683453733,-0.12098591676384318
0.8011425926886315,0.1016425280972948
0.3674477340989517,0.030341327630123927
0.7154546870103464,0.02906034257232859
0.1010492353632673,0.04099915603689838
0.7360574375278984,-0.1059889056906631
0.45027927872238815,-0.07458189494017248
0.2522340811997472,-0.07125822748545427
0.14315140505826518,0.08874337892127127
0.2082280113491008,-0.053884229224405805
0.30062396284176574,-0.0003460455689099917
0.15099635739236136,-0.29173141679944475
0.23602708291158353,0.0017660083600933296
0.11601088533424611,-0.09564591269446861
0.27300294747314435,0.0049492023460384615
0.25358545365293605,-0.05171615715106764
0.19591766814241224,-0.38174956600170507
0.6825486630974582,-0.0007459698561088635
0.8511610724860385,-0.07472310496688794
0.1710990445841375,0.09258423785945238
0.09800502573909985,-0.0912073569404557
0.8358994923668466,-0.04353948381794259
0.8756331380185265,-0.07922693570916295
0.09055044325098155,-0.040754634700124304
0.5252009897437797,0.027756625216624253
0.5678912226249854,0.06926628428500492
0.18049681223291808,-0.35974746869288576
0.09681801415019228,-0.12761742042436214
0.5438440047671742,0.012436907086838755
0.6292661007514133,0.07692733928969187
0.5935004503545338,0.013184815847312348
0.8604816212977244,-0.03295099442695093
0.1072621865280861,0.074562519432782
0.8565923847250819,-0.047057096661591524
0.6154314386965961,-0.10694239375548942
0.738256260090244,0.08394870029523416
0.721645224065598,-0.007792377529509675
0.6619703361310076,-0.2613719326421594
0.535920825461988,-0.06631202129434666
0.8285676250220334,-0.06972861103991757
0.30359616726600436,0.008898374437556866
0.5864490303297362,-0.028496258874829428
0.9136307485108378,0.10807936334705404
0.42880160572531417,-0.15417192454332918
0.5697825995173966,0.057862370627505766
